Name,Team,FB%,FBv,SL%,SLv,CT%,CTv,CB%,CBv,CH%,CHv,SF%,SFv,KN%,KNv,XX%,NameASCII,PlayerId,MLBAMID
"Erik Miller","SFG",0.52074689,97.26693227,0.2219917,86.42990654,,,,,0.25726141,87.09677419,,,,,0.03319502,"Erik Miller",26252,669062
"Blake Treinen","LAD",0.41682975,95.76056338,0.47162427,84.47717842,0.11154599,91.59649123,,,,,,,,,0.02923977,"Blake Treinen",12572,595014
"Rob Zastryzny","MIL",0.44380403,91.96103896,0.14409222,80.68,0.3314121,86.29565217,,,0.02881844,81.6,0.0518732,83.61111111,,,0.02881844,"Rob Zastryzny",15094,642239
"Hunter Strickland","LAA",0.45783133,93.47368421,0.45783133,83.95394737,,,,,,,0.08433735,87.89285714,,,0.02702703,"Hunter Strickland",7836,519326
"Brennan Bernardino","BOS",0.44777911,90.79088472,0.26290516,79.27853881,0.16446579,85.87591241,,,0.12484994,79.82692308,,,,,0.02634731,"Brennan Bernardino",16835,657514
"Jonathan Loáisiga","NYY",0.60813704,96.86619718,0.16702355,86.05128205,0.03640257,93.29411765,,,0.18843683,90.28409091,,,,,0.02558635,"Jonathan Loaisiga",19753,642528
"Luke Jackson","- - -",0.34143223,94.20973783,0.4859335,87.24473684,0.00767263,90.66666667,0.16368286,84.1328125,0.00127877,87,,,,,0.02544529,"Luke Jackson",11752,592426
"Anthony Banda","LAD",0.47042254,95.93413174,0.49201878,85.92557252,,,,,0.03755869,89.95,,,,,0.02434457,"Anthony Banda",14706,607455
"Dietrich Enns","- - -",0.48987854,93.97245179,0.1659919,85.31707317,,,0.048583,77.19444444,0.29554656,84.64383562,,,,,0.02156334,"Dietrich Enns",13932,608650
"Shelby Miller","- - -",0.61985816,95.20412844,0.09219858,84.2,,,,,,,0.28794326,86.89655172,,,0.0212766,"Shelby Miller",10197,571946
"Chris Martin","TEX",0.44043887,94.62989324,0.02037618,84.84615385,0.36050157,91.42173913,,,,,0.17868339,88.47368421,,,0.02034429,"Chris Martin",11847,455119
"Carlos Estévez","KCR",0.53499521,95.90860215,0.30872483,87.36956522,,,,,0.15627996,87.90184049,,,,,0.02013423,"Carlos Estevez",14542,608032
"Luis García","- - -",0.43973214,96.98984772,0.33705357,82.89735099,0.00223214,87,,,,,0.22098214,88.67171717,,,0.02008929,"Luis Garcia",6984,472610
"Carlos Vargas","SEA",0.69041096,97.56746032,0.10593607,89.77586207,0.18812785,93.42718447,,,0.01552511,93.29411765,,,,,0.01998183,"Carlos Vargas",22915,672841
"Jake Bird","- - -",0.34309623,94.45121951,0.40585774,84.06185567,0.02405858,92.65217391,0.22698745,80.63133641,,,,,,,0.0198123,"Jake Bird",21267,656234
"Justin Wilson","BOS",0.46078431,94.50531915,0.33333333,87.97794118,0.15686275,91.5546875,,,,,0.04901961,85.25,,,0.0195122,"Justin Wilson",4301,458677
"Joel Peguero","SFG",0.66984127,99.90047393,0.33015873,91.68269231,,,,,,,,,,,0.01892744,"Joel Peguero",21951,666711
"Brandon Eisert","CHW",0.35032895,89.58920188,0.35773026,85.1816092,,,,,0.29194079,83.64507042,,,,,0.01889893,"Brandon Eisert",27668,685126
"Mason Fluharty","TOR",0.00116414,92,0.41676368,81.69553073,0.58207218,90.248,,,,,,,,,0.01862631,"Mason Fluharty",31553,689254
"JoJo Romero","STL",0.38181818,93.82539683,0.39191919,83.00773196,0.0010101,90,,,0.22525253,87.29147982,,,,,0.01816347,"JoJo Romero",19574,668941
"Jack Dreyer","LAD",0.45113438,92.71760155,0.46160558,88.10396975,,,0.08726003,78.95,,,,,,,0.0174216,"Jack Dreyer",30249,676263
"Tyler Gilbert","CHW",0.43742551,90.10899183,0.30154946,81.09881423,0.18355185,87.75324675,,,,,0.07747318,82.95384615,,,0.01664685,"Tyler Gilbert",17964,656457
"Trevor Megill","MIL",0.60557769,99.21491228,,,,,0.39442231,87.61616162,,,,,,,0.01593625,"Trevor Megill",17722,656730
"Reid Detmers","LAA",0.47553093,95.89320388,0.3056325,88.4652568,,,0.2179132,73.99152542,0.00092336,85,,,,,0.01568266,"Reid Detmers",27468,672282
"Connor Brogdon","LAA",0.4202381,95.5325779,,,0.16071429,86.86666667,,,0.41904762,84.04829545,,,,,0.01547619,"Connor Brogdon",21205,641401
"José Fermin","LAA",0.50697674,96.8440367,0.49147287,89.66246057,,,,,0.00155039,93,,,,,0.01538462,"Jose Fermin",33908,820862
"Ryan Helsley","- - -",0.45454545,99.36404494,,,0.48723187,89.03144654,0.05822268,80.85964912,,,,,,,0.01527495,"Ryan Helsley",18138,664854
"Ryan Fernandez","STL",0.3778626,95.29292929,0.47137405,86.72874494,0.07061069,91.35135135,,,0.08015267,87.19047619,,,,,0.01526718,"Ryan Fernandez",24862,681676
"Lyon Richardson","CIN",0.49554896,95.34730539,0.00148368,84,,,0.09792285,79.3030303,0.40504451,86.63736264,,,,,0.0148368,"Lyon Richardson",24581,680689
"Tim Hill","NYY",0.95661846,88.65930233,0.04226919,84.71052632,0.00111235,86,,,,,,,,,0.01444444,"Tim Hill",16814,657612
"Hogan Harris","ATH",0.56888889,93.48125,0.03111111,78.17142857,0.04088889,87.45652174,0.22755556,73.58203125,0.13155556,82.02027027,,,,,0.01422222,"Hogan Harris",21520,663687
"Mike Vasil","CHW",0.53948967,94.47747748,0.15795869,81.69615385,0.05710814,86.06382979,0.12393682,81.71078431,0.12150668,86.655,,,,,0.01394785,"Mike Vasil",30105,678024
"Yimi García","TOR",0.59331476,95.86384977,0.3454039,85.16935484,0.00557103,92,,,0.03899721,89.28571429,0.01671309,90.66666667,,,0.01388889,"Yimi Garcia",12095,554340
"Brock Burke","LAA",0.50493097,95.73046875,0.27514793,87.91756272,,,,,0.2199211,88.82511211,,,,,0.01380671,"Brock Burke",17968,656271
"Lucas Erceg","KCR",0.53894081,97.58766859,0.29387331,85.0565371,,,,,0.16718588,90.08074534,,,,,0.01348548,"Lucas Erceg",19360,668674
"Wandy Peralta","SDP",0.48857645,95.41726619,0.16695958,87.97368421,,,,,0.34446397,88.94132653,,,,,0.01314636,"Wandy Peralta",14295,593974
"Chase Shugart","PIT",0.38583815,94.86516854,0.28757225,80.97487437,0.25433526,89.92045455,,,0.07225434,88.22,,,,,0.01298701,"Chase Shugart",21544,663767
"Cole Winn","TEX",0.48949919,95.8679868,0.18578352,86.16521739,0.18739903,91.25862069,0.01615509,84,,,0.12116317,87.86666667,,,0.01292407,"Cole Winn",22113,668390
"Anthony Bender","MIA",0.28097063,96.60454545,0.68326948,85.07663551,,,,,0.0357599,89.46428571,,,,,0.01273885,"Anthony Bender",19742,669622
"Alex Vesia","LAD",0.57478006,92.71768707,0.36363636,84.88709677,,,,,0.06158358,83.79365079,,,,,0.01269531,"Alex Vesia",25007,681911
"Chad Green","TOR",0.52468265,95.1827957,,,,,0.47531735,88.08902077,,,,,,,0.01267606,"Chad Green",15552,643338
"Trent Thornton","SEA",0.35670732,94.42307692,0.18445122,80.2231405,0.23628049,89.75483871,0.18597561,81.01639344,0.03658537,85.79166667,,,,,0.01219512,"Trent Thornton",17948,663423
"Jhoan Duran","- - -",0.35321528,100.64643799,0.05498602,87.27118644,,,0.19478099,87.62200957,,,0.39701771,97.78873239,,,0.01211556,"Jhoan Duran",21029,661395
"Kolby Allard","CLE",0.475,90.22736842,,,0.193,84.93264249,0.132,72.15151515,0.2,81.49,,,,,0.012,"Kolby Allard",18694,663465
"Riley O'Brien","STL",0.48416887,98.04359673,0.30474934,90.08225108,,,0.21108179,83.4375,,,,,,,0.01185771,"Riley O'Brien",20348,676617
"Enyel De Los Santos","- - -",0.48868778,96.20925926,0.35927602,88.39798489,,,,,0.1520362,87.71428571,,,,,0.01171171,"Enyel De Los Santos",18403,660853
"Andrés Muñoz","SEA",0.47439614,98.28105906,0.50434783,86.12835249,,,,,0.02125604,91.72727273,,,,,0.0115942,"Andres Munoz",20373,662253
"Isaac Mattson","PIT",0.78507079,93.91147541,0.08751609,85.07352941,,,0.01029601,79.5,0.11711712,86.04395604,,,,,0.01156812,"Isaac Mattson",20385,676755
"Caleb Ferguson","- - -",0.54894434,93.97902098,0.45105566,84.72765957,,,,,,,,,,,0.01151631,"Caleb Ferguson",19349,657571
"Tyler Kinley","- - -",0.22857143,95.16428571,0.64326531,87.42766497,,,0.11918367,83.58219178,0.00897959,87.18181818,,,,,0.01142857,"Tyler Kinley",18297,641755
"Brant Hurter","DET",0.57889734,92.27750411,0.31558935,82.26807229,,,,,0.10551331,85.85585586,,,,,0.01140684,"Brant Hurter",30133,676428
"Tyler Alexander","- - -",0.44542587,90.73512748,0.22271293,80.28611898,0.17160883,86.95220588,,,0.16025237,83.4015748,,,,,0.01135647,"Tyler Alexander",17735,641302
"Pierce Johnson","ATL",0.2303719,95.30493274,,,0.04855372,92.44680851,0.72107438,85.86389685,,,,,,,0.01132853,"Pierce Johnson",13435,572955
"Hoby Milner","TEX",0.47623163,87.69147005,0.35090752,78.23152709,,,,,0.17286085,81.13,,,,,0.01122625,"Hoby Milner",13346,571948
"Yariel Rodríguez","TOR",0.4728214,95.70255474,0.4124245,85.62761506,,,,,,,0.1147541,89.28571429,,,0.0112069,"Yariel Rodriguez",33838,684320
"José Castillo","- - -",0.53775322,93.15753425,0.43646409,84.19409283,,,,,0.02578269,87,,,,,0.01100917,"Jose Castillo",17169,620454
"Griffin Jax","- - -",0.29460201,96.84782609,0.43732845,87.83054393,0.04025618,93.43181818,0.00457457,86.2,0.22323879,92.35655738,,,,,0.01097896,"Griffin Jax",20253,643377
"Brent Headrick","NYY",0.63934426,94.07692308,0.25409836,81.95698925,,,,,,,0.10655738,84.02564103,,,0.01092896,"Brent Headrick",27702,687396
"Dane Dunning","- - -",0.2983871,90.2972973,0.09139785,80.41176471,0.40053763,88.74496644,0.02956989,75.90909091,0.18010753,85.55223881,,,,,0.01075269,"Dane Dunning",19409,641540
"Aaron Bummer","ATL",0.47008547,91.05227273,0.19230769,81.28977273,,,0.33653846,81.05714286,0.00106838,88,,,,,0.01072961,"Aaron Bummer",16258,607481
"Emmanuel Clase","CLE",0.69839142,98.95777351,0.30160858,88.6,,,,,,,,,,,0.01072386,"Emmanuel Clase",21032,661403
"Michael Kelly","ATH",0.33738602,95.77927928,0.64741641,84.59859155,,,,,0.01519757,89.1,,,,,0.0106383,"Michael Kelly",12791,547184
"Kyle Finnegan","- - -",0.58274232,96.32657201,0.04609929,84.41025641,,,,,,,0.37115839,87.4044586,,,0.01062574,"Kyle Finnegan",15009,640448
"Hunter Gaddis","CLE",0.33460439,94.66951567,0.53288847,88.83899821,,,,,0.13250715,78.76978417,,,,,0.01045627,"Hunter Gaddis",25636,683769
"Grant Anderson","MIL",0.58031088,93.36309524,0.37823834,80.28767123,,,,,0.04145078,86.77083333,,,,,0.01036269,"Grant Anderson",20546,681982
"Raisel Iglesias","ATL",0.62655602,94.8294702,0.09854772,83.8,,,,,0.27489627,88.82264151,,,,,0.01035197,"Raisel Iglesias",17130,628452
"Kenley Jansen","LAA",0.09781358,93.24705882,0.09436133,83.31707317,0.80782509,92.84330484,,,,,,,,,0.01034483,"Kenley Jansen",3096,445276
"Cole Sulser","TBR",0.39793282,92.96103896,0.00775194,80.33333333,0.20671835,87.6375,,,0.3875969,84.03333333,,,,,0.01033592,"Cole Sulser",15256,642121
"Zack Kelly","BOS",0.35111876,96.15196078,0.20654045,81.88333333,0.31325301,91.85714286,0.01032702,82.5,0.11876076,83.1884058,,,,,0.0102916,"Zack Kelly",20349,677161
"Justin Topa","MIN",0.35714286,94.20857143,0.29285714,82.90940767,0.2,91.20408163,,,0.15,87.16326531,,,,,0.01020408,"Justin Topa",15145,623437
"Cade Smith","CLE",0.69881557,96.44673123,0.08883249,85.15238095,,,,,,,0.21235195,87.71713147,,,0.01015228,"Cade Smith",27867,671922
"Justin Slaten","BOS",0.36072144,96.76666667,0.11422846,85.19298246,0.34468938,92.75,0.18036072,84.9,,,,,,,0.01002004,"Justin Slaten",25648,686580
"José Buttó","- - -",0.47853881,95.06679389,0.36986301,85.99012346,,,,,0.15159817,88.42168675,,,,,0.01001821,"Jose Butto",23313,676130
"Cade Gibson","MIA",0.33259912,91.71523179,0.23678414,82.0372093,,,0.28634361,78.87692308,0.14427313,84.94656489,,,,,0.00991189,"Cade Gibson",31815,806188
"Edwin Uceta","TBR",0.42257002,93.99025341,0.02883031,82.08571429,0.15980231,89.35051546,,,0.38879736,88.48728814,,,,,0.00988468,"Edwin Uceta",20539,670955
"Beau Brieske","DET",0.65432099,95.72830189,0.10123457,88.02439024,,,,,0.24444444,89.82828283,,,,,0.00987654,"Beau Brieske",26079,689225
"Josh Simpson","MIA",0.33931485,94.16346154,0.3132137,83.45833333,,,0.23817292,80.60273973,0.10929853,89.28358209,,,,,0.00977199,"Josh Simpson",25957,681006
"Ryan Zeferjahn","LAA",0.32069971,97.39090909,0.35762877,84.63315217,0.32167153,90.28700906,,,,,,,,,0.00970874,"Ryan Zeferjahn",25420,666171
"Brendon Little","TOR",0.46129032,93.47377622,,,0.07903226,93.33673469,0.45967742,87.03684211,,,,,,,0.00967742,"Brendon Little",21574,663893
"Grant Wolfram","BAL",0.55769231,95.92068966,0.28846154,86.47333333,,,0.15192308,84.34177215,,,0.00192308,86,,,0.00959693,"Grant Wolfram",21623,664991
"Brenan Hanifee","DET",0.74524313,95.40851064,0.21141649,87.715,,,,,0.04334038,89.85365854,,,,,0.0095037,"Brenan Hanifee",22304,669724
"Scott Barlow","CIN",0.3610675,92.38695652,0.47488226,82.64958678,,,0.16405024,78.46411483,,,,,,,0.00941176,"Scott Barlow",14993,605130
"Matt Gage","- - -",0.36911488,92.67857143,0.51035782,85.40590406,,,0.03201507,81.76470588,0.08851224,85.72340426,,,,,0.0093985,"Matt Gage",17381,657424
"Yuki Matsui","SDP",0.40921919,92.10599078,0.26622766,84.51943463,,,0.00188147,75,,,0.32267168,84.06705539,,,0.00938967,"Yuki Matsui",33826,673513
"Andrew Saalfrank","ARI",0.55269321,89.36016949,,,,,0.44730679,79.69633508,,,,,,,0.00936768,"Andrew Saalfrank",26203,685314
"Orion Kerkering","PHI",0.52003728,97.17741935,0.47996272,86.82524272,,,,,,,,,,,0.00931966,"Orion Kerkering",31776,689147
"Casey Legumina","SEA",0.72009292,94.24032258,0.17305459,81.06040268,,,,,0.1068525,87.7826087,,,,,0.00929152,"Casey Legumina",25921,668984
"Robert Suarez","SDP",0.76115242,98.5982906,0.00185874,91.5,,,,,0.23698885,90.56078431,,,,,0.00927644,"Robert Suarez",30115,663158
"Robert Garcia","TEX",0.44855967,94.49311927,0.26851852,86.97701149,,,,,0.28292181,88.94545455,,,,,0.00924974,"Robert Garcia",23363,676395
"Mason Miller","- - -",0.52263374,101.24212598,0.45576132,87.86004515,,,,,0.02160494,92.85714286,,,,,0.00924974,"Mason Miller",31757,695243
"Ryan Thompson","ARI",0.59076923,89.9296875,0.40615385,77.99242424,,,,,,,0.00307692,81,,,0.00921659,"Ryan Thompson",16647,657044
"Jason Adam","SDP",0.22723091,94.61538462,0.43882245,82.76939203,,,,,0.33394664,88.20936639,,,,,0.00918274,"Jason Adam",11861,592094
"Cionel Pérez","BAL",0.53775744,95.69361702,0.21281465,83.12903226,0.24942792,88.35779817,,,,,,,,,0.00915332,"Cionel Perez",19614,672335
"Jack Kochanowicz","LAA",0.66146394,95.54109032,0.20182992,85.98133333,,,,,0.13670614,89.82283465,,,,,0.00912997,"Jack Kochanowicz",27688,686799
"Phil Maton","- - -",0.48313492,90.35934292,0.13690476,83.52898551,0.00099206,85,0.37896825,75.94502618,,,,,,,0.00891972,"Phil Maton",18064,664208
"Joel Payamps","- - -",0.51670379,94.79741379,0.46993318,83.67298578,0.00445434,89.5,,,0.00890869,89.5,,,,,0.00890869,"Joel Payamps",14332,606303
"Tanner Scott","LAD",0.52799122,96.53846154,0.47200878,88.97906977,,,,,,,,,,,0.00878156,"Tanner Scott",17586,656945
"Lake Bachar","MIA",0.37182852,94.81176471,0.50656168,87.78238342,,,,,,,0.1216098,84.05035971,,,0.00874891,"Lake Bachar",19222,669199
"Jalen Beeks","ARI",0.52401747,94.43125,0.00545852,84.2,0.09388646,84.22093023,,,0.37663755,88.88405797,,,,,0.00873362,"Jalen Beeks",17192,656222
"Victor Vodnik","COL",0.56147987,98.69379845,0.17845484,88.76219512,,,,,0.26006529,92.11297071,,,,,0.00869565,"Victor Vodnik",24614,680767
"Abner Uribe","MIL",0.5395189,98.83598726,0.4604811,87.31529851,,,,,,,,,,,0.00857633,"Abner Uribe",25327,682842
"Thomas Hatch","- - -",0.29351536,93.35465116,0.2559727,84.60666667,0.27474403,90.19254658,,,0.17576792,88.63106796,,,,,0.00853242,"Thomas Hatch",19264,641672
"JT Brubaker","- - -",0.5010661,93.44255319,0.24520256,86.37391304,,,0.10234542,81.54166667,0.15138593,88.04225352,,,,,0.00852878,"JT Brubaker",17578,664141
"Collin Snider","SEA",0.35639413,92.54705882,0.38993711,82.87096774,0.25366876,86.85123967,,,,,,,,,0.00838574,"Collin Snider",23307,676092
"Daysbel Hernández","ATL",0.43933054,97.72698413,0.56066946,88.37313433,,,,,,,,,,,0.00834492,"Daysbel Hernandez",20271,678226
"Steven Wilson","CHW",0.33367556,93.88307692,0.58316222,82.14964789,0.01026694,90.6,,,0.07289528,84.94366197,,,,,0.00821355,"Steven Wilson",20353,621051
"Jacob Webb","TEX",0.44580777,93.40825688,0.20858896,82.02941176,,,,,0.34560327,84.88757396,,,,,0.00817996,"Jacob Webb",19274,657097
"Reed Garrett","NYM",0.28600613,97.09642857,0.49029622,89.9,,,,,,,0.22369765,89.10045662,,,0.0081716,"Reed Garrett",16866,657585
"Seranthony Domínguez","- - -",0.56636364,97.74638844,0.21818182,86.48333333,,,0.04909091,83.7037037,,,0.16636364,87.19672131,,,0.00816697,"Seranthony Dominguez",19249,622554
"Colin Holderman","PIT",0.44105691,97.35483871,0.2703252,82.93984962,0.25,90.39837398,,,,,0.03861789,90.15789474,,,0.00813008,"Colin Holderman",22361,670059
"Camilo Doval","- - -",0.52083333,97.86086957,0.47916667,89.11720227,,,,,,,,,,,0.00811542,"Camilo Doval",21992,666808
"Tyler Ferguson","ATH",0.53232323,94.64705882,0.31919192,83.73417722,0.10808081,90,,,0.04040404,86.325,,,,,0.00808081,"Tyler Ferguson",19481,621053
"Adrian Morejon","SDP",0.65265265,97.69171779,0.24624625,87.5,0.03003003,93.96666667,,,,,0.07107107,90.33802817,,,0.008,"Adrian Morejon",20039,670970
"Tim Herrin","CLE",0.428,94.26168224,0.17733333,87.40601504,,,0.39466667,81.375,,,,,,,0.008,"Tim Herrin",25139,682120
"Joey Lucchesi","SFG",0.73101266,92.6017316,,,,,,,0.26740506,77.82840237,0.00158228,80,,,0.00789889,"Joey Lucchesi",19320,664192
"Cole Sands","MIN",0.35695538,94.79656863,,,0.24146982,89.50724638,0.18635171,81.71361502,,,0.2152231,88.25203252,,,0.00786713,"Cole Sands",21461,663485
"David Bednar","- - -",0.4453125,97.04166667,,,,,0.36230469,77.67924528,,,0.19238281,92.32994924,,,0.0078125,"David Bednar",19569,670280
"Ronny Henriquez","MIA",0.31778929,96.58695652,0.5164076,86.47491639,,,,,0.16580311,91.734375,,,,,0.00775194,"Ronny Henriquez",24094,678692
"Keegan Akin","BAL",0.51323251,93.77532228,0.28733459,85.625,,,,,0.19943289,86.63981043,,,,,0.00756144,"Keegan Akin",19362,669211
"Rafael Montero","- - -",0.45496324,95.19191919,0.07536765,85.13414634,,,,,,,0.46966912,87.95107632,,,0.00735294,"Rafael Montero",12760,606160
"Matt Festa","CLE",0.47123623,92.34545455,0.38188494,83.14423077,0.14687882,90.71666667,,,,,,,,,0.00734394,"Matt Festa",19330,670036
"Justin Sterner","ATH",0.52241537,93.56742557,0.15553522,81.57647059,0.32204941,87.41477273,,,,,,,,,0.0073193,"Justin Sterner",27694,686993
"Matt Brash","SEA",0.2676399,96.35909091,0.50851582,86.25837321,,,0.10462287,85.15116279,0.11922141,89.97959184,,,,,0.00729927,"Matt Brash",25756,666374
"Braydon Fisher","TOR",0.21968788,95.60655738,0.38295318,87.8338558,0.03121248,92.76923077,0.36614646,82.9147541,,,,,,,0.00718563,"Braydon Fisher",24609,680755
"Chris Murphy","BOS",0.3655536,94.08653846,0.26010545,85.56081081,,,0.31282953,76.85955056,0.04393673,83.76,0.01757469,82.7,,,0.00702988,"Chris Murphy",26214,669684
"Génesis Cabrera","- - -",0.47132867,95.59643917,0.2041958,89.97945205,,,0.19440559,80.18705036,,,0.13006993,85.13978495,,,0.00698324,"Genesis Cabrera",17490,650893
"Reese Olson","DET",0.4659189,94.41111111,0.22174288,84.31128405,,,0.05349439,79.72580645,0.25884383,87.79333333,,,,,0.0069025,"Reese Olson",24968,681857
"Kody Funderburk","MIN",0.32689655,93.34177215,0.30482759,83.60180995,0.24827586,92.06111111,,,0.12,89.08045977,,,,,0.00688705,"Kody Funderburk",24993,681892
"Kevin Kelly","TBR",0.68537415,91.21836228,0.19727891,78.72413793,0.11734694,89.20289855,,,,,,,,,0.00680272,"Kevin Kelly",25679,687330
"Kyle Harrison","- - -",0.60714286,94.6162465,0.27380952,82.25465839,0.03911565,86.81818182,,,0.07993197,86.42553191,,,,,0.00680272,"Kyle Harrison",27758,690986
"Garrett Whitlock","BOS",0.47118644,95.87769784,0.32033898,84.56613757,,,,,0.20847458,84.3902439,,,,,0.00677966,"Garrett Whitlock",20191,676477
"Ryan Borucki","- - -",0.26262626,94.00641026,0.56565657,84.5952381,,,,,0.17171717,83.90196078,,,,,0.00673401,"Ryan Borucki",16350,621366
"Chase Lee","DET",0.595,89.1232493,0.34833333,79.93779904,,,,,0.05666667,85.94117647,,,,,0.00666667,"Chase Lee",29574,695445
"Mitch Spence","ATH",0.09312639,92.68253968,0.27050998,84.57377049,0.45454545,91.1203252,0.1722099,81.79828326,0.00960828,87.69230769,,,,,0.00664697,"Mitch Spence",27707,687765
"Yohan Ramírez","PIT",0.51324503,96.48387097,0.24172185,83.46575342,0.02649007,88.875,0.21854305,84.02272727,,,,,,,0.00662252,"Yohan Ramirez",19444,670990
"Brock Stewart","- - -",0.65245902,96.22613065,0.14262295,84.81609195,0.1,93.31147541,,,0.10491803,90.625,,,,,0.00655738,"Brock Stewart",16727,592779
"Grant Taylor","CHW",0.55409836,98.73076923,0.05901639,89.5,0.17868852,95,0.20819672,85.24409449,,,,,,,0.00655738,"Grant Taylor",33927,691799
"Eduard Bazardo","SEA",0.55147059,95.38518519,0.42810458,82.56679389,0.00245098,88.33333333,,,,,0.01797386,89.81818182,,,0.00653595,"Eduard Bazardo",20997,660825
"Carson Fulmer","LAA",0.47494553,92.58715596,,,0.17647059,86.72839506,0.06318083,81.31034483,0.28540305,87.03816794,,,,,0.00649351,"Carson Fulmer",18311,608334
"Jacob Latz","TEX",0.49351585,94.2919708,0.20965418,84.42611684,,,0.06340058,78.30681818,0.23342939,84.79012346,,,,,0.00647948,"Jacob Latz",21306,656641
"Jeremiah Estrada","SDP",0.56796117,97.91452991,0.19983819,88.53036437,,,,,,,0.23220065,83.75261324,,,0.00647249,"Jeremiah Estrada",22210,669093
"Porter Hodge","CHC",0.50320513,96.0955414,0.49198718,84.78501629,,,,,,,0.00480769,90.66666667,,,0.00641026,"Porter Hodge",26413,687863
"Jake Woodford","ARI",0.4864,93.24013158,0.2304,81.16666667,0.0976,89.06557377,,,0.1856,86.57758621,,,,,0.0064,"Jake Woodford",18674,663765
"Kaleb Ort","HOU",0.54314721,96.47429907,0.22969543,83.92265193,0.14340102,90.59292035,,,0.08375635,89.59090909,,,,,0.00633714,"Kaleb Ort",20061,672391
"Seth Halvorsen","COL",0.54402516,100.07803468,0.19811321,89.53174603,,,,,,,0.25786164,90.82317073,,,0.00628931,"Seth Halvorsen",33294,678020
"Drew Pomeranz","CHC",0.7675,92.78664495,,,,,0.2325,83.77419355,,,,,,,0.0062422,"Drew Pomeranz",11426,519141
"Steven Cruz","KCR",0.50155763,98.24534161,0.29750779,90.0104712,0.20093458,93.90697674,,,,,,,,,0.00623053,"Steven Cruz",23165,674444
"Yennier Cano","BAL",0.57403651,95.13957597,0.20182556,86.23115578,0.02839757,92.21428571,,,0.12373225,91.8852459,0.07200811,90.66197183,,,0.00607287,"Yennier Cano",25911,666974
"Dustin May","- - -",0.50345781,94.87087912,,,0.09543568,91.42512077,0.39326879,85.24384525,0.00783771,89.17647059,,,,,0.00599078,"Dustin May",19716,669160
"Tyler Anderson","LAA",0.4181274,89.26380368,0.03163745,80.44594595,0.20820864,84.37166324,0.00213767,69.4,0.33988884,78.72955975,,,,,0.00598291,"Tyler Anderson",12880,542881
"Huascar Brazobán","NYM",0.49554896,96.46506986,,,0.13452028,90.10294118,,,0.36993076,90.84491979,,,,,0.005923,"Huascar Brazoban",6107,623211
"Ryan Walker","SFG",0.62475442,95.99056604,0.37524558,84.03664921,,,,,,,,,,,0.00588813,"Ryan Walker",20423,676254
"Eric Orze","TBR",0.25550661,93.95402299,0.25991189,88.97740113,,,,,,,0.4845815,84.16363636,,,0.00587372,"Eric Orze",27626,679358
"Angel Chivilli","COL",0.45988258,97.09787234,0.17514677,90.2849162,,,,,,,0.36497065,88.73994638,,,0.00585938,"Angel Chivilli",26790,683409
"Osvaldo Bido","ATH",0.5275762,94.63686382,0.30043541,85.30917874,0.06603774,86.72527473,,,0.10595065,88.81506849,,,,,0.00578871,"Osvaldo Bido",23150,674370
"George Soriano","MIA",0.36849711,95.78431373,0.31936416,86.03167421,,,,,0.31213873,88.55092593,,,,,0.00578035,"George Soriano",21863,666277
"Jose A. Ferrer","WSN",0.70612583,97.80187573,0.07450331,89.74444444,,,,,0.21937086,87.83018868,,,,,0.00577082,"Jose A. Ferrer",24017,678606
"Jordan Romano","PHI",0.36804565,95.53100775,0.63195435,85.89390519,,,,,,,,,,,0.00570613,"Jordan Romano",16122,605447
"Steven Okert","HOU",0.41960038,91.99773243,0.57944814,80.90968801,0.00095147,93,,,,,,,,,0.00569801,"Steven Okert",13580,595345
"Taylor Rogers","- - -",0.49105145,92.79271071,0.50894855,78.24615385,,,,,,,,,,,0.00559284,"Taylor Rogers",13449,573124
"Joey Wentz","- - -",0.44077135,93.48875,0.07052342,84.109375,0.27272727,85.83434343,0.18126722,79.37386018,0.03471074,86.04761905,,,,,0.00550661,"Joey Wentz",19962,666214
"Colton Gordon","HOU",0.51826327,91.23537234,0.29083391,80.92417062,,,0.11233632,76.29447853,0.07856651,83.99122807,,,,,0.00550585,"Colton Gordon",31312,676467
"Héctor Neris","- - -",0.48905109,92.43283582,0.02919708,86.375,,,,,0.04562044,88.84,0.43613139,83.16317992,,,0.00546448,"Hector Neris",11804,593576
"Jimmy Herget","COL",0.353125,92.22566372,0.2828125,85.52209945,,,0.309375,77.85353535,0.0546875,86.7,,,,,0.00545596,"Jimmy Herget",17556,623474
"Hunter Dobbins","BOS",0.4189044,95.54358974,0.37486574,85.95988539,,,0.11922664,78.67567568,,,0.08700322,90.60493827,,,0.00536481,"Hunter Dobbins",30240,690928
"David Morgan","SDP",0.58224543,97.54035874,0.18276762,87.95714286,,,0.23368146,83.17318436,0.00130548,92,,,,,0.00522193,"David Morgan",31616,688158
"Andrew Kittredge","- - -",0.46223958,95.16619718,0.52864583,89.26600985,,,,,,,0.00911458,88.71428571,,,0.00520833,"Andrew Kittredge",12828,552640
"Sean Newcomb","- - -",0.51681759,93.00125156,0.2225097,82.04651163,0.13648124,89.44549763,0.0549806,79.12941176,0.06921087,85.37383178,,,,,0.00516796,"Sean Newcomb",16943,656794
"Jorge López","WSN",0.52849741,94.79411765,0.20725389,85.9,,,0.16839378,81.30769231,0.09585492,87.16216216,,,,,0.00515464,"Jorge Lopez",14527,605347
"Rico Garcia","- - -",0.39419795,95.57142857,0.19112628,87.05357143,,,0.19453925,85.28947368,0.22013652,86.51162791,,,,,0.00511073,"Rico Garcia",20023,670329
"Sam Long","KCR",0.45419847,93.1372549,0.26081425,84.86341463,,,0.18575064,76.96575342,,,0.09923664,86.61538462,,,0.00508906,"Sam Long",25379,669674
"Yerry De los Santos","NYY",0.62988115,95.52560647,0.0950764,85.16071429,,,,,0.27504244,88.28395062,,,,,0.00506757,"Yerry De los Santos",21420,660787
"Anthony Molina","COL",0.49177632,95.62541806,0.15789474,87.33333333,0.01644737,91.7,0.15296053,83.59139785,0.18092105,87.13636364,,,,,0.00490998,"Anthony Molina",26952,683627
"Blake Snell","LAD",0.43579767,95.17633929,0.11089494,88.24561404,,,0.21692607,80.6367713,0.23638132,85.52263374,,,,,0.00485909,"Blake Snell",13543,605483
"Jakob Junis","CLE",0.35755814,91.11111111,0.44476744,83.06318083,,,,,0.19767442,86.36764706,,,,,0.00484496,"Jakob Junis",13619,596001
"Gregory Soto","- - -",0.59553831,96.94136808,0.40058196,85.89588378,,,,,0.00387973,89.25,,,,,0.00484496,"Gregory Soto",19677,642397
"Yusei Kikuchi","LAA",0.36069813,94.8109319,0.35617324,87.1061706,,,0.16224952,80.15737052,0.12087912,85.62834225,,,,,0.0048434,"Yusei Kikuchi",20633,579328
"Roki Sasaki","LAD",0.50241546,96.23076923,0.1626409,82.12871287,,,,,,,0.33494364,84.98076923,,,0.00480769,"Roki Sasaki",35323,808963
"Félix Bautista","BAL",0.62140575,97.26478149,0.09265176,85.46551724,0.00319489,92.5,,,,,0.2827476,88.94915254,,,0.00476948,"Felix Bautista",20666,642585
"Daniel Palencia","CHC",0.71938169,99.63471074,0.23424495,88.49746193,,,,,,,0.04637337,88.30769231,,,0.00475624,"Daniel Palencia",27914,694037
"Eric Lauer","TOR",0.46611177,91.74617347,0.13495838,83.69162996,0.17300832,86.74226804,0.14565993,75.11836735,0.08026159,85.07407407,,,,,0.00474496,"Eric Lauer",19316,641778
"Nick Mears","MIL",0.53491124,95.44026549,0.42366864,86.70111732,,,0.04142012,82.71428571,,,,,,,0.00473373,"Nick Mears",25376,683232
"Anthony DeSclafani","ARI",0.35962145,94.02631579,0.21766562,88.34057971,,,0.22082019,83.13571429,,,0.20189274,83.6640625,,,0.00473186,"Anthony DeSclafani",13050,543101
"Josh Hader","HOU",0.54191263,95.54030501,0.41440378,83.37606838,,,,,0.04368359,88.86486486,,,,,0.00472255,"Josh Hader",14212,623352
"Greg Weissert","BOS",0.61142322,94.05206738,0.2911985,83.7266881,,,,,0.09737828,86.06730769,,,,,0.00467727,"Greg Weissert",20375,669711
"Braxton Ashcraft","PIT",0.4446461,96.87755102,0.31215971,92.08139535,,,0.21052632,84.37931034,0.03266788,91.75,,,,,0.00453309,"Braxton Ashcraft",23793,677952
"Yoendrys Gómez","- - -",0.52866242,93.66092943,0.17743403,82.46666667,0.07461328,90.06097561,0.14285714,80.78343949,0.07643312,89.35714286,,,,,0.00452899,"Yoendrys Gomez",22872,672782
"Devin Williams","NYY",0.47307002,94.15180266,,,0.002693,92.33333333,,,0.52423698,83.74657534,,,,,0.00448029,"Devin Williams",15816,642207
"Logan Evans","SEA",0.28400598,92.86578947,0.2309417,84.13915858,0.26606876,87.76685393,0.09865471,81.64393939,0.12032885,87.30434783,,,,,0.00447761,"Logan Evans",33699,688138
"Jeff Hoffman","TOR",0.46317657,96.41187739,0.29902396,87.06231454,,,,,0.23779947,90.00746269,,,,,0.00443262,"Jeff Hoffman",17432,656546
"Gabe Speier","SEA",0.74267101,94.82017544,0.25732899,83.25316456,,,,,,,,,,,0.00434311,"Gabe Speier",17170,642100
"Charlie Morton","- - -",0.42739403,94.17355372,,,0.09026688,88.04347826,0.38304553,81.48053279,0.09929356,87.55335968,,,,,0.00431203,"Charlie Morton",4676,450203
"Tyler Holton","DET",0.33390854,91.66062176,0.18550475,81.37674419,0.29939603,88.76080692,0.03537532,80.43902439,0.14581536,84.62130178,,,,,0.00431034,"Tyler Holton",26231,663947
"José Ureña","- - -",0.46359743,96.20554273,0.25695931,87.61666667,,,,,0.24518201,88.83842795,0.03426124,85.03125,,,0.00428266,"Jose Urena",11589,570632
"Kyle Hendricks","LAA",0.53382582,86.32993445,,,,,0.08242613,72.25471698,0.38374806,79.50557244,,,,,0.0042735,"Kyle Hendricks",12049,543294
"Ian Seymour","TBR",0.3678392,91.5273224,0.07939698,81.59493671,0.22110553,88.35454545,0.01507538,74.33333333,0.31658291,83.6,,,,,0.00401606,"Ian Seymour",27932,693855
"Jared Koenig","MIL",0.57622244,95.90349418,,,0.17737296,90.96216216,0.15532119,81.72222222,0.09108341,86.64210526,,,,,0.00383509,"Jared Koenig",27517,657649
"Ryan Feltner","COL",0.45681382,93.61344538,0.29174664,85.33552632,,,0.06525912,78.82352941,0.18618042,84.71134021,,,,,0.00382409,"Ryan Feltner",21446,663372
"John Schreiber","KCR",0.50811843,93.64473684,0.28271251,82.40202703,0.18911175,89.55050505,,,0.02005731,86.14285714,,,,,0.00382044,"John Schreiber",20020,670167
"Luke Weaver","NYY",0.59485224,95.15384615,,,0.10676835,90.92857143,,,0.29837941,88.14376997,,,,,0.00381316,"Luke Weaver",16918,596133
"Jorge Alcala","- - -",0.59451796,97.30047695,0.15595463,89.92121212,,,0.231569,85.44081633,0.01795841,90.42105263,,,,,0.00378072,"Jorge Alcala",19459,660896
"Brandon Pfaadt","ARI",0.46746575,93.43223443,0.18458904,84.8812616,0.0880137,89.90661479,0.10205479,82.12080537,0.15787671,87.38611714,,,,,0.00376326,"Brandon Pfaadt",27782,694297
"Louis Varland","- - -",0.50750469,98.04621072,0.06754221,91.63888889,,,0.37804878,88.05707196,0.04690432,92,,,,,0.00375235,"Louis Varland",27691,686973
"Juan Mejia","COL",0.67225326,96.6565097,0.32774674,83.19034091,,,,,,,,,,,0.00372439,"Juan Mejia",23237,675848
"Tanner Banks","PHI",0.33579336,92.54945055,0.59870849,85.21725732,,,,,0.06549815,82.90140845,,,,,0.00369004,"Tanner Banks",16990,621383
"Daniel Lynch IV","KCR",0.41727941,93.9845815,0.29136029,86.85804416,,,0.09926471,82.66666667,0.19209559,86.00956938,,,,,0.00367647,"Daniel Lynch IV",21537,663738
"Justin Wrobleski","LAD",0.49084249,95.68656716,0.246337,87.76579926,0.14652015,92.01875,0.08333333,81.40659341,0.03296703,88.11111111,,,,,0.003663,"Justin Wrobleski",31204,680736
"Caleb Thielbar","CHC",0.42073897,92.88668555,0.15137068,80.98425197,0.1466031,88.50406504,0.28128725,76.04661017,,,,,,,0.00357143,"Caleb Thielbar",10078,573204
"Brent Suter","CIN",0.65259455,87.96844993,0.12664908,78.68382353,,,,,0.22075638,76.74103586,,,,,0.00351803,"Brent Suter",13942,608718
"Will Vest","DET",0.69129288,96.57888041,0.23834653,88.72324723,,,,,0.0703606,90.4,,,,,0.00351803,"Will Vest",19769,676684
"Eduardo Rodriguez","ARI",0.55486862,91.97493036,0.05332303,83.86231884,0.1549459,89.35910224,0.03284389,78.6,0.20401855,85.98295455,,,,,0.00347222,"Eduardo Rodriguez",13164,593958
"Brandon Sproat","NYM",0.47931034,96.0647482,0.22413793,85.29230769,,,0.14827586,80,0.14827586,90.11627907,,,,,0.00343643,"Brandon Sproat",33850,687075
"Jonathan Cannon","CHW",0.40044618,93.41225627,0.15170106,81.68014706,0.23424428,89.36428571,,,0.21360848,85.65013055,,,,,0.00334262,"Jonathan Cannon",31730,686563
"Jordan Hicks","- - -",0.63719766,97.52356021,0.29858215,82.98603352,,,,,,,0.06422018,89.05194805,,,0.00333333,"Jordan Hicks",19618,663855
"Aroldis Chapman","BOS",0.73827699,98.88183161,0.15376227,86.75177305,,,,,,,0.10796074,91.33333333,,,0.00326087,"Aroldis Chapman",10233,547973
"Mike Burrows","PIT",0.44827586,95.59071118,0.19518543,87.34333333,,,0.11906311,78.52459016,0.2374756,87.35068493,,,,,0.00325098,"Mike Burrows",24728,681347
"Kyle Freeland","COL",0.39564867,91.58350305,0.12892828,83.65,0.15632554,87.39175258,0.26148268,82.62865948,0.05761483,86.37762238,,,,,0.00322321,"Kyle Freeland",16256,607536
"J.T. Ginn","ATH",0.51365079,93.45611867,0.25777778,86.10837438,0.1352381,91.97183099,,,0.09333333,88.58503401,,,,,0.00317259,"J.T. Ginn",27889,669372
"Kodai Senga","NYM",0.36961094,93.76244666,0.12355415,81.30638298,0.20609884,89.76530612,0.0168244,68.5625,,,0.28391167,82.54814815,,,0.00314465,"Kodai Senga",31838,673540
"Tomoyuki Sugano","BAL",0.3497076,92.86956522,0.1957115,83.62549801,0.12241715,88.18152866,0.09707602,78.25702811,,,0.23508772,87.40298507,,,0.00311526,"Tomoyuki Sugano",35321,608372
"José Berríos","TOR",0.51354489,92.49886963,,,0.05882353,89.66447368,0.25967492,82.59165425,0.16795666,85.22580645,,,,,0.00309598,"Jose Berrios",14168,621244
"Spencer Bivens","SFG",0.44513138,94.87326389,0.13833076,81.97206704,0.26429675,91.01461988,,,0.15224111,88.53807107,,,,,0.00309119,"Spencer Bivens",30226,702352
"Grant Holmes","ATL",0.33452138,94.46879756,0.35437882,85.44683908,0.14460285,92.18661972,0.15529532,83.47540984,0.01120163,90.31818182,,,,,0.00305188,"Grant Holmes",16944,656550
"Ryan Bergert","- - -",0.49237805,93.35139319,0.42759146,85.4688057,,,0.00609756,82.625,0.07393293,87.56701031,,,,,0.00304878,"Ryan Bergert",29863,686701
"Johan Oviedo","PIT",0.46315789,95.47727273,0.32030075,86.79342723,,,0.1593985,77.76415094,0.05714286,88.60526316,,,,,0.0029985,"Johan Oviedo",22487,670912
"Ryan Rolison","COL",0.46597633,92.89206349,0.16568047,85.49107143,,,0.33431953,79.55309735,0.03402367,87.30434783,,,,,0.00294985,"Ryan Rolison",22200,669020
"Slade Cecconi","CLE",0.54677654,94.23492908,0.19340766,84.44862155,0.0203587,89.30952381,0.16529326,75.56304985,0.07416384,84.30065359,,,,,0.00290557,"Slade Cecconi",27500,677944
"Germán Márquez","COL",0.55059952,94.66637631,0.1088729,88.81497797,,,0.31366906,85.49388379,0.02685851,88.69642857,,,,,0.00287494,"German Marquez",15038,608566
"Miles Mikolas","STL",0.45241935,92.75579323,0.26048387,87.04798762,,,0.17580645,76.09174312,,,0.11129032,85.86956522,,,0.00281917,"Miles Mikolas",9803,571945
"Tyler Glasnow","LAD",0.56013514,95.85283474,0.22094595,89.36391437,,,0.21891892,82.02777778,,,,,,,0.00269542,"Tyler Glasnow",14374,607192
"Jordan Leasure","CHW",0.54778761,96.27463651,0.42477876,87.33125,,,,,,,0.02743363,87.19354839,,,0.00265487,"Jordan Leasure",29950,673929
"Kevin Gausman","TOR",0.5379538,94.51042945,0.08712871,83.23863636,,,,,,,0.37491749,84.90757042,,,0.00264026,"Kevin Gausman",14107,592332
"Carlos Hernández","- - -",0.53754941,97.71078431,0.17391304,86.90909091,,,0.09090909,83.14492754,,,0.19762846,88.87333333,,,0.00263505,"Carlos Hernandez",22713,672578
"Dylan Cease","SDP",0.46123522,97.03632479,0.44218134,88.77117385,0.00032852,86,0.08508541,82.35135135,0.01116951,77.26470588,,,,,0.0026264,"Dylan Cease",18525,656302
"Elvis Alvarado","ATH",0.63921569,98.66871166,0.32026144,88.93877551,,,,,0.04052288,89.41935484,,,,,0.00261438,"Elvis Alvarado",21662,665660
"Nathan Eovaldi","TEX",0.2751433,94.04356061,0.0109432,85.66666667,0.20218864,90.53092784,0.1974987,75.88390501,,,0.31422616,87.66666667,,,0.00260417,"Nathan Eovaldi",9132,543135
"Davis Martin","CHW",0.43655262,93.75892857,0.05283673,84.05737705,0.22260719,88.34046693,0.04807276,78.85585586,0.23993071,90.18050542,,,,,0.00259628,"Davis Martin",21448,663436
"Yu Darvish","SDP",0.36300778,93.67142857,0.09161625,82.6952381,0.26707001,88.05825243,0.16681072,71.75647668,0.02333621,85.88888889,0.08815903,86.70588235,,,0.00258621,"Yu Darvish",13074,506433
"Ian Gibaut","CIN",0.51421189,94.09547739,0.28940568,85.10714286,0.1627907,90.26984127,,,0.03359173,84.30769231,,,,,0.00257732,"Ian Gibaut",17871,664139
"Spencer Schwellenbach","ATL",0.44691672,96.78662873,0.18118245,87,0.11888112,94.27272727,0.11443102,81.13333333,,,0.13858868,84.69266055,,,0.00254291,"Spencer Schwellenbach",31846,680885
"Chris Roycroft","STL",0.76649746,95.54304636,0.04060914,86.125,0.1928934,88.88157895,,,,,,,,,0.00253807,"Chris Roycroft",31261,688297
"Cade Povich","BAL",0.50532725,92.17168675,0.11770675,82.78017241,0.00608828,92.08333333,0.21461187,78.87943262,,,0.15626585,83.71428571,,,0.00253678,"Cade Povich",30055,700249
"Cade Cavalli","WSN",0.49619289,97.02557545,,,0.06345178,93.36,0.30456853,86.17916667,0.1357868,89.8317757,,,,,0.00253165,"Cade Cavalli",27473,676917
"Chad Patrick","MIL",0.45522388,94.18360656,0.06965174,84.7,0.4119403,87.98913043,,,0.06318408,88.66929134,,,,,0.00248633,"Chad Patrick",30113,694477
"Chris Bassitt","TOR",0.50406504,91.59537167,0.08165429,75.86580087,0.17886179,88.64229249,0.16295511,71.36659436,0.02686462,84.43421053,0.04559915,83.6744186,,,0.00246827,"Chris Bassitt",12304,605135
"Framber Valdez","HOU",0.45728122,94.28593041,,,0.031477,84.3956044,0.33102733,79.46185998,0.18021446,89.88291747,,,,,0.00241546,"Framber Valdez",17295,664285
"Andrew Alvarez","WSN",0.38609113,91.31677019,0.28057554,82.42735043,,,0.28057554,82.48717949,0.05275779,85.27272727,,,,,0.00239234,"Andrew Alvarez",29914,674841
"Lou Trivino","- - -",0.37812128,95.06603774,0.20332937,80.49122807,0.24137931,91.82758621,0.01070155,78.22222222,0.16646849,87.31428571,,,,,0.00237812,"Lou Trivino",15043,642152
"Stephen Kolek","- - -",0.49674364,93.86467066,0.23741859,84.62593516,0.14979278,90.53754941,,,0.116045,87.55612245,,,,,0.00236827,"Stephen Kolek",21487,663568
"Randy Vásquez","SDP",0.40270019,93.36069364,0.15875233,82.69501466,0.24860335,90.22659176,0.12104283,81.19230769,0.0689013,86.96621622,,,,,0.00232666,"Randy Vasquez",24719,681190
"Kris Bubic","KCR",0.44679666,92.08229426,0.34206128,83.94788274,,,,,0.21114206,85.50395778,,,,,0.00222841,"Kris Bubic",21455,663460
"Martín Pérez","CHW",0.34700665,89.62619808,,,0.28159645,86.00787402,0.08314856,76.41333333,0.28824834,82.32692308,,,,,0.00221239,"Martin Perez",6902,527048
"Sonny Gray","STL",0.39808683,92.04713494,0.21155261,85.09391304,0.12251656,87.93093093,0.18359088,80.27655311,0.08425313,86.24017467,,,,,0.00220264,"Sonny Gray",12768,543243
"Shane Baz","TBR",0.4392936,97.00753769,0.03237675,86.79545455,0.14495953,90.2893401,0.26894776,85.00547196,0.11442237,89.32154341,,,,,0.00220264,"Shane Baz",22264,669358
"Antonio Senzatela","COL",0.58406305,94.98875562,0.19702277,86.90222222,,,0.14316988,80.35474006,0.07574431,87.58381503,,,,,0.00218723,"Antonio Senzatela",15488,622608
"John Brebbia","- - -",0.49019608,92.63555556,0.4335512,84.05527638,,,0.0087146,74,0.06753813,86.4516129,,,,,0.00217391,"John Brebbia",12777,605154
"Zach Brzykcy","WSN",0.53376906,94.73469388,,,,,0.24400871,83.16071429,0.22222222,88.3627451,,,,,0.00217391,"Zach Brzykcy",27783,694350
"Joe Boyle","TBR",0.48501071,98.56732892,0.35224839,90.83890578,,,,,,,0.1627409,93.06578947,,,0.00214133,"Joe Boyle",29608,671212
"Will Warren","NYY",0.62633833,93.3008547,0.20521056,82.7826087,,,0.0710207,80.20100503,0.09743041,87.07326007,,,,,0.00213675,"Will Warren",30182,701542
"Brandon Young","BAL",0.43769968,93.80291971,0.08519702,83.275,0.09584665,86.73333333,0.15761448,76.16891892,0.05644302,87.18867925,0.16719915,87.31847134,,,0.0021254,"Brandon Young",27819,687064
"Connor Gillispie","MIA",0.29299363,91.30434783,0.29511677,81.17985612,0.2462845,86.81896552,0.01061571,78.4,0.15498938,87.17808219,,,,,0.00211864,"Connor Gillispie",26171,687362
"Erick Fedde","- - -",0.34571549,93.23931624,0.25960321,82.6796748,0.27648797,90.3480916,,,,,0.11819333,87.65,,,0.00210793,"Erick Fedde",17425,607200
"Cole Henry","WSN",0.60703206,94.50085179,,,0.03516029,87.91176471,0.32988625,80.89655172,0.02792141,87.40740741,,,,,0.00206612,"Cole Henry",27570,669371
"Hunter Brown","HOU",0.6006077,96.30747611,0.04388926,90.56153846,0.05638082,92.71856287,0.17893315,83.5509434,0.12018906,88.24157303,,,,,0.00202429,"Hunter Brown",25880,686613
"Nick Lodolo","CIN",0.49596449,93.85609158,0.28692494,81.97890295,,,,,0.21711057,87.90502793,,,,,0.00201694,"Nick Lodolo",26378,666157
"Matt Strahm","PHI",0.52870091,92.36952381,0.31117825,82.53721683,0.15407855,87.5620915,,,0.0060423,83.33333333,,,,,0.00201207,"Matt Strahm",13799,621381
"Orlando Ribalta","WSN",0.55688623,96.21505376,0.23353293,87.39316239,,,,,0.20958084,85.5047619,,,,,0.00199203,"Orlando Ribalta",26247,687377
"Bryce Elder","ATL",0.54852824,91.79477883,0.35083532,84.32199546,,,,,0.10063644,86.56126482,,,,,0.00198807,"Bryce Elder",27779,693821
"AJ Blubaugh","HOU",0.54832347,94.66906475,0.21499014,81.86238532,0.00986193,87.2,0.03353057,78.29411765,0.19329389,86.40816327,,,,,0.0019685,"AJ Blubaugh",31764,805123
"Brandon Waddell","NYM",0.44140625,90.89380531,0.41210938,82.08530806,,,,,0.14648438,83.56,,,,,0.00194932,"Brandon Waddell",18347,663399
"Bradley Blalock","COL",0.46466602,94.64583333,0.15295257,85.33544304,0.09874153,89.75490196,0.13165537,81.02941176,,,0.15198451,86.87898089,,,0.00193611,"Bradley Blalock",26419,687134
"Tommy Kahnle","DET",0.14009662,93.57241379,0.00386473,86.5,,,,,0.85603865,86.74153499,,,,,0.00192864,"Tommy Kahnle",11384,592454
"Tayler Scott","- - -",0.50559701,91.97416974,0.20522388,83.91818182,,,,,,,0.2891791,83.91612903,,,0.0018622,"Tayler Scott",13652,605463
"Pierson Ohl","MIN",0.4375,91.94117647,,,0.11764706,85.359375,0.05882353,78.03125,0.37867647,81.13106796,,,0.00735294,80,0.00183486,"Pierson Ohl",30179,701487
"John Curtiss","ARI",0.53761468,94.32764505,0.09174312,85.56,0.30458716,90.55421687,,,0.06605505,87.66666667,,,,,0.0018315,"John Curtiss",16128,595928
"Gunnar Hoglund","ATH",0.52102377,93.57894737,0.17367459,81.29473684,0.0749543,90.7804878,,,0.23034735,85.94444444,,,,,0.00182482,"Gunnar Hoglund",31318,680684
"Dylan Lee","ATL",0.31215971,94.11046512,0.55444646,86.03436989,,,,,0.13339383,86.75510204,,,,,0.00181324,"Dylan Lee",19996,669276
"Caden Dana","LAA",0.45017794,94.91304348,0.27402135,85.63636364,,,0.08185053,79.15217391,0.19395018,87.11009174,,,,,0.0017762,"Caden Dana",31508,702674
"Nick Pivetta","SDP",0.50508593,93.79375,0.18589968,81.95660377,0.08418099,90.0125,0.22307962,79.01257862,,,0.00175377,87.4,,,0.00175316,"Nick Pivetta",15454,601713
"Cam Booser","CHW",0.45884413,95.53435115,0.31873905,81.15934066,0.19614711,87.32142857,,,0.0262697,87.6,,,,,0.00175131,"Cam Booser",16061,592155
"Bowden Francis","TOR",0.57756354,92.48558422,0.05696757,82.76923077,,,0.14022787,73.81875,,,0.22524102,82.23735409,,,0.00174978,"Bowden Francis",20548,670102
"Ryan Gusto","- - -",0.5412166,94.02836134,0.10346788,82.45054945,0.10915293,89.203125,0.14951677,80.36501901,0.09664582,87.41176471,,,,,0.00170261,"Ryan Gusto",26440,687473
"Casey Mize","DET",0.46196345,94.68721251,0.29621759,86.15925395,,,,,,,0.24181895,88.64147627,,,0.00169996,"Casey Mize",20492,663554
"DL Hall","MIL",0.37755102,94.3018018,0.18707483,86.02727273,0.16496599,92.28865979,0.09353741,79.90909091,0.17687075,84.72115385,,,,,0.00169779,"DL Hall",22207,669084
"Lucas Giolito","BOS",0.4839527,93.30628272,0.25591216,86.02310231,,,0.03462838,78.69512195,0.22550676,81.71910112,,,,,0.00168634,"Lucas Giolito",15474,608337
"Tanner Bibee","CLE",0.42996633,94.31245106,0.20875421,86.28548387,,,0.20942761,82.18167203,0.15185185,81.77383592,,,,,0.00168294,"Tanner Bibee",30134,676440
"Sean Burke","CHW",0.47895623,94.4543058,0.21885522,86.66730769,,,0.23695286,79.78330373,0.06523569,85.72903226,,,,,0.00168067,"Sean Burke",29878,680732
"Bryan Abreu","HOU",0.51135408,97.31907895,0.48444071,86.54166667,,,,,0.00420521,91.2,,,,,0.00167926,"Bryan Abreu",16609,650556
"Shane Smith","CHW",0.575031,95.69086988,0.11120298,89.48698885,,,0.14551468,82.17329545,0.16825134,90.05896806,,,,,0.00165358,"Shane Smith",31687,681343
"Cristian Javier","HOU",0.49270665,92.88815789,0.1993517,78.86178862,,,0.11993517,76.37837838,0.18800648,84.20689655,,,,,0.00161812,"Cristian Javier",17606,664299
"Juan Morillo","ARI",0.65802269,98.99753695,0.21069692,89.36923077,,,,,0.13128039,91.90123457,,,,,0.00161812,"Juan Morillo",21924,666661
"Spencer Arrighetti","HOU",0.40614887,93.00796813,0.13592233,80,0.13915858,87.13953488,0.22491909,77.54676259,0.09385113,85.01724138,,,,,0.00161551,"Spencer Arrighetti",29921,681293
"Carson Seymour","SFG",0.64251208,96.37343358,0.18679549,87.12931034,0.09983897,93.59677419,0.07085346,85.47727273,,,,,,,0.00160772,"Carson Seymour",30084,693313
"Simeon Woods Richardson","MIN",0.45580405,93.24766355,0.2715655,85.50392157,,,0.13045793,77.97959184,0.04259851,83.2375,0.09957401,86.12834225,,,0.0015949,"Simeon Woods Richardson",24494,680573
"Ian Hamilton","NYY",0.61934477,94.95465995,0.38065523,87.88934426,,,,,,,,,,,0.00156006,"Ian Hamilton",19261,641656
"Nick Martinez","CIN",0.37897595,92.61105425,0.10046548,84.90733591,0.21295578,89.10018215,0.10977502,79.82685512,0.19782777,78.58039216,,,,,0.00155159,"Nick Martinez",12730,607259
"Justin Verlander","SFG",0.45743865,93.96814753,0.31058282,85.56419753,,,0.14723926,78.5625,0.08473926,84.69230769,,,,,0.00153374,"Justin Verlander",8700,434378
"Travis Adams","MIN",0.40723982,94.62592593,0.19758673,85.70229008,0.18552036,90.84552846,0.04223228,79.14285714,0.16742081,87.42342342,,,,,0.00150602,"Travis Adams",30180,701519
"Jackson Rutledge","WSN",0.51306945,95.40465793,0.26064227,85.29799427,0.1321882,88.98305085,,,,,0.09410007,85.26984127,,,0.00149254,"Jackson Rutledge",26215,671131
"David Peterson","NYM",0.51908114,91.73447537,0.19118192,84.6627907,,,0.13708781,78.72702703,0.15264913,84.62864078,,,,,0.00148203,"David Peterson",20302,656849
"Kyle Leahy","STL",0.37703704,95.46365422,0.34740741,89.445629,,,0.18,83.61316872,0.09555556,90.3875969,,,,,0.00148148,"Kyle Leahy",24763,681517
"Logan Allen","CLE",0.46696198,90.61976285,0.23292728,78.08716323,0.11554079,85.64217252,,,,,0.18456995,82.466,,,0.00147656,"Logan Allen",27589,671106
"Luis Severino","ATH",0.48846576,95.96626687,0.28560967,84.91538462,0.17173197,93.18976546,0.00036617,80,0.05382644,86.21088435,,,,,0.00146466,"Luis Severino",15890,622663
"Kyle Hart","SDP",0.37626628,91.57307692,0.44138929,82.8557377,,,,,0.14761216,83.2745098,0.03473227,85.33333333,,,0.00144509,"Kyle Hart",19646,606996
"Andrew Heaney","- - -",0.54995197,89.96855895,0.17339097,80.49307479,,,0.10422671,75.05529954,0.17243036,82.03342618,,,,,0.00143885,"Andrew Heaney",15423,571760
"Max Scherzer","TOR",0.48633094,93.64940828,,,0.25323741,86.50852273,0.11870504,76.75151515,0.14172662,84.94923858,,,,,0.00143678,"Max Scherzer",3137,453286
"Marcus Stroman","NYY",0.42471591,89.74916388,0.25852273,82.75824176,0.16193182,88.78070175,0.04971591,77.91428571,0.10511364,82.35135135,,,,,0.00141844,"Marcus Stroman",13431,573186
"Jack Flaherty","DET",0.48534087,92.88064047,0.23631226,84.99103139,,,0.25362063,77.88300836,0.02472625,85.77142857,,,,,0.00141293,"Jack Flaherty",17479,656427
"Frankie Montas","NYM",0.42655367,95.43377483,0.36723164,87.46153846,,,,,,,0.20621469,86.31506849,,,0.00141044,"Frankie Montas",14309,593423
"Danny Coulombe","- - -",0.38664812,90.33453237,0.18358832,80.74242424,0.40333797,85.27241379,0.02642559,78.42105263,,,,,,,0.00138889,"Danny Coulombe",13293,543056
"Ben Lively","CLE",0.57579972,90.15700483,0.16828929,80.09090909,0.1015299,84.02739726,0.07649513,77.4,0.07788595,84.78571429,,,,,0.00138889,"Ben Lively",14932,594902
"Noah Cameron","KCR",0.26386322,92.37478109,0.1474122,84.3322884,0.21072089,88.26973684,0.19316081,80.88995215,0.18484288,81.335,,,,,0.00138504,"Noah Cameron",30184,702070
"Mason Englert","TBR",0.37016575,93.46641791,0.1961326,87.72535211,,,0.09392265,77.42647059,0.33977901,87.55284553,,,,,0.00137931,"Mason Englert",22288,669438
"Jose Quintana","MIL",0.55565777,90.55215232,0.07727691,78.51190476,,,0.14535419,78.29113924,0.22171113,85.62655602,,,,,0.00137804,"Jose Quintana",11423,500779
"Walker Buehler","- - -",0.41727605,93.94304491,0.20292505,85.23423423,0.18372943,90.50746269,0.12888483,77.5,0.06718464,89.66666667,,,,,0.00136924,"Walker Buehler",19374,621111
"Nolan McLean","NYM",0.41136671,95.15789474,0.25710419,85.36842105,0.08525034,90.98412698,0.15832206,79.98290598,0.0879567,86.69230769,,,,,0.00135135,"Nolan McLean",33703,690997
"Caleb Boushley","TEX",0.50808625,91.95490716,0.12668464,83.78723404,0.16037736,89.57983193,0.07277628,75.94444444,0.13207547,85.02040816,,,,,0.00134771,"Caleb Boushley",19736,676961
"Chase Burns","CIN",0.58900524,98.76222222,0.34685864,90.77735849,,,0.0078534,83.33333333,0.05628272,91.23255814,,,,,0.00130719,"Chase Burns",35333,695505
"Bryce Miller","SEA",0.58003889,94.76871508,0.11924822,84.72282609,0.00583279,89.22222222,0.10758263,83.46385542,,,0.18729747,83.91695502,,,0.0012945,"Bryce Miller",29837,682243
"Fernando Cruz","NYY",0.33585859,93.60526316,0.05934343,82.34042553,,,,,,,0.60479798,80.69311065,,,0.00126103,"Fernando Cruz",7048,518585
"Matthew Liberatore","STL",0.4025974,93.96774194,0.21156263,86.42970297,0.10473398,90.276,0.1575199,77.48670213,0.12358609,88.53559322,,,,,0.00125523,"Matthew Liberatore",22294,669461
"Brandon Walter","HOU",0.31695332,91.74031008,0.22481572,79.56284153,0.27395577,88.26457399,,,0.18427518,81.05333333,,,,,0.00122699,"Brandon Walter",26056,687888
"Eury Pérez","MIA",0.52361028,97.91552511,0.30603706,85.25585938,,,0.09205021,79.90909091,0.07830245,89.74045802,,,,,0.00119403,"Eury Perez",27768,691587
"Joe Ross","PHI",0.64153132,94.4358047,0.225058,87.24742268,,,0.05220418,83.6,0.0812065,90.18571429,,,,,0.00116009,"Joe Ross",12972,605452
"Jacob deGrom","TEX",0.46021423,97.54613466,0.37605203,90.43743642,,,0.05087988,80.93233083,0.11285386,89.88135593,,,,,0.00114635,"Jacob deGrom",10954,594798
"Clayton Kershaw","LAD",0.35141243,89.07085346,0.41355932,85.77322404,,,0.17966102,72.22955975,,,0.05536723,83.09183673,,,0.00112867,"Clayton Kershaw",2036,477132
"Hurston Waldrep","ATL",0.20654628,95.9273743,0.11625282,87.2020202,0.2268623,93.15625,0.13205418,82.72807018,,,0.31828442,86.79569892,,,0.00112867,"Hurston Waldrep",33527,694462
"Cade Horton","CHC",0.55760626,95.73293173,0.21308725,83.41994751,,,0.10178971,83.9010989,0.12751678,88.01754386,,,,,0.00111732,"Cade Horton",31872,690990
"Dean Kremer","BAL",0.46095169,93.15844786,0.0036324,84,0.19869234,86.946593,0.12786052,78.35465116,,,0.20886306,81.89399293,,,0.00108853,"Dean Kremer",19350,665152
"Landen Roupp","SFG",0.40842788,92.78835979,,,0.06645057,90.33333333,0.35656402,76.76818182,0.16855754,86.63782051,,,,,0.0010805,"Landen Roupp",30076,694738
"Zack Littell","- - -",0.3974175,91.89801444,0.05380201,79.52666667,0.27546628,87.34765625,,,,,0.2733142,83.48818898,,,0.00107565,"Zack Littell",15823,641793
"Yoshinobu Yamamoto","LAD",0.43169595,95.31146179,0.02904267,86.44444444,0.11043385,91.21103896,0.17604876,76.87576375,,,0.25277877,90.98156028,,,0.0010745,"Yoshinobu Yamamoto",33825,808967
"Joe Ryan","MIN",0.62683363,93.60559361,0.22468694,83.66878981,,,0.03864043,79.2037037,,,0.109839,87.62540717,,,0.00107219,"Joe Ryan",21390,657746
"Jeffrey Springs","ATH",0.42586086,90.74174917,0.27266339,82,0.04848911,87.02898551,,,0.25298665,79.1875,,,,,0.001053,"Jeffrey Springs",17677,605488
"Matt Svanson","STL",0.48755187,96.88723404,0.34128631,87.16717325,0.17116183,92.09090909,,,,,,,,,0.00103627,"Matt Svanson",29629,694335
"Jake Irvin","WSN",0.53872283,92.24527112,0.03702446,83.85321101,0.04279891,87.3968254,0.30163043,77.96509009,0.07982337,85.74893617,,,,,0.00101798,"Jake Irvin",21504,663623
"Cal Quantrill","- - -",0.37175649,93.69932886,0.29840319,87.85117057,,,0.11776447,80.00847458,,,0.21207585,86.41176471,,,0.00099701,"Cal Quantrill",19312,615698
"Corbin Burnes","ARI",0.09613479,95.68041237,0.09018831,87.97802198,0.54905847,94.1299639,0.19226957,80.09278351,0.07234886,88.4109589,,,,,0.00099108,"Corbin Burnes",19361,669203
"Ryan Yarbrough","NYY",0.34119961,87.51873199,0.19370698,71.87817259,0.25860374,83.25855513,,,0.20648968,78.03809524,,,,,0.00098232,"Ryan Yarbrough",16502,642232
"Robbie Ray","SFG",0.52069078,93.62015019,0.22482893,87.93768116,,,0.12447051,81.21465969,0.13000978,84.9122807,,,,,0.00097656,"Robbie Ray",11486,592662
"Freddy Peralta","MIL",0.53499676,94.84191399,0.09656513,83.68456376,,,0.15618924,78.85684647,0.21224887,88.95114504,,,,,0.00097119,"Freddy Peralta",18679,642547
"Calvin Faucher","MIA",0.29791271,95.93949045,0.17457306,87.63586957,0.37096774,92.15089514,0.15654649,86.16969697,,,,,,,0.00094787,"Calvin Faucher",20116,676534
"Emilio Pagán","CIN",0.61235955,95.80275229,0.18539326,86.96969697,,,,,,,0.20224719,84.02777778,,,0.00093545,"Emilio Pagan",14771,641941
"Shota Imanaga","CHC",0.48713235,90.88679245,0.17049632,80.42318059,,,0.01608456,71.74285714,0.01240809,88.33333333,0.31387868,83.02635432,,,0.00091827,"Shota Imanaga",33829,684007
"Angel Zerpa","KCR",0.64513194,96.5303244,0.31938126,85.18518519,,,,,0.03548681,90.76923077,,,,,0.00090909,"Angel Zerpa",22717,672582
"Brad Keller","CHC",0.57142857,97.06603774,0.31716083,86.79320113,,,,,0.1114106,92.68548387,,,,,0.00089767,"Brad Keller",15734,641745
"Kumar Rocker","TEX",0.46317657,95.73563218,0.16592724,84.35828877,0.24578527,90.20577617,0.06388642,77.65277778,0.06122449,89.49275362,,,,,0.00088652,"Kumar Rocker",31843,677958
"Jacob Misiorowski","MIL",0.55154639,99.32242991,0.24312715,94.16254417,,,0.14604811,87.12352941,0.05927835,92.36231884,,,,,0.00085837,"Jacob Misiorowski",31623,694819
"Hayden Birdsong","SFG",0.44221106,95.54545455,0.25628141,88.74836601,,,0.13316583,80.42138365,0.16834171,88.76616915,,,,,0.00083682,"Hayden Birdsong",31635,806185
"Ranger Suárez","PHI",0.43127572,90.59351145,0.05843621,80.86619718,0.15761317,86.75456919,0.16131687,73.97959184,0.19135802,79.60430108,,,,,0.00082237,"Ranger Suarez",17277,624133
"Clarke Schmidt","NYY",0.13458401,93.23030303,0.24632953,84.25496689,0.43474715,92.36397749,0.18433931,85.01769912,,,,,,,0.000815,"Clarke Schmidt",19899,657376
"Tanner Gordon","COL",0.52813505,92.31202435,0.24758842,84.30519481,,,0.01286174,81.0625,0.21141479,83.2851711,,,,,0.00080321,"Tanner Gordon",27669,685299
"Ben Casparius","LAD",0.31537242,96.16080402,0.31933439,85.32506203,0.21949287,92.12635379,0.14580032,80.86413043,,,,,,,0.00079177,"Ben Casparius",30085,676508
"Colin Rea","CHC",0.52131018,93.73504921,0.18823994,84.06708595,0.07576953,88.22916667,0.09392265,80.43277311,,,0.1207577,87.39869281,,,0.00078864,"Colin Rea",12317,607067
"Jack Leiter","TEX",0.50793651,97.06554878,0.23306233,87.64451827,,,0.0944638,81.99590164,0.16453736,90.75294118,,,,,0.00077369,"Jack Leiter",30146,683004
"Patrick Corbin","TEX",0.31568779,91.58996328,0.33153014,80.41142191,0.25386399,87.53729072,0.00656878,69.41176471,0.0923493,81.57740586,,,,,0.0007725,"Patrick Corbin",9323,571578
"Mitchell Parker","WSN",0.55563771,92.99334664,0.11829945,85.025,,,0.2207024,81.22445561,,,0.10536044,85.4245614,,,0.00073883,"Mitchell Parker",27636,680730
"Andre Pallante","STL",0.57389706,94.63869315,0.28492647,87.44258065,,,0.14117647,78.328125,,,,,,,0.00073475,"Andre Pallante",26108,669467
"Clay Holmes","NYM",0.46128799,93.72627451,0.29920405,83.24183797,0.08321274,89.93043478,,,0.15629522,88.11574074,,,,,0.00072307,"Clay Holmes",13649,605280
"Merrill Kelly","- - -",0.37451465,91.97643732,0.06953759,85.83756345,0.19908224,90.67553191,0.09671726,81.72262774,0.26014825,88.33242877,,,,,0.00070547,"Merrill Kelly",11156,518876
"Emerson Hancock","SEA",0.64838256,94.85249458,0.14556962,81.17874396,0.00140647,84.5,,,0.20464135,86.51546392,,,,,0.00070274,"Emerson Hancock",27470,676106
"Mitch Keller","PIT",0.5270129,93.72751323,0.19065877,82.39670932,0.14081562,87.00742574,0.07319624,77.49047619,0.06831649,89.2244898,,,,,0.00069662,"Mitch Keller",17594,656605
"Sandy Alcantara","MIA",0.43133864,97.40417001,0.15600138,89.49002217,,,0.18194396,85.39353612,0.23071602,90.46626687,,,,,0.00069132,"Sandy Alcantara",18684,645261
"Michael McGreevy","STL",0.47713311,92.4248927,0.20341297,83.77516779,0.09761092,88.64335664,0.12150171,79.62921348,0.1003413,88.10204082,,,,,0.00068213,"Michael McGreevy",29869,700241
"Keider Montero","DET",0.50644942,93.8847185,0.21995927,84.18518519,,,0.14528174,79.05140187,0.12830957,86.86772487,,,,,0.00067843,"Keider Montero",22630,672456
"Luis Ortiz","CLE",0.49033977,96.08695652,0.25916056,85.5218509,0.1212525,91.15934066,,,0.12924717,89.44845361,,,,,0.00066578,"Luis Ortiz",27646,682847
"Jesús Luzardo","PHI",0.44108862,96.37020316,0.38632592,86.23797251,,,,,0.17258546,87.93269231,,,,,0.00066335,"Jesus Luzardo",19959,666200
"Michael Soroka","- - -",0.55075311,93.61474435,0.34774067,80.45951036,,,,,0.10150622,84.4,,,,,0.00065445,"Michael Soroka",18383,647336
"Zac Gallen","ARI",0.47432217,93.58843309,0.07432217,88.15879828,0.05645933,89.5819209,0.23476874,81.12092391,0.16012759,86.32868526,,,,,0.00063796,"Zac Gallen",19291,668678
"Carmen Mlodzinski","PIT",0.51062538,96.0451843,0.24286582,86.675,0.00728597,92.25,0.08743169,84.79166667,0.15179114,87.68,,,,,0.0006068,"Carmen Mlodzinski",27572,669387
"Aaron Civale","- - -",0.32283915,92.22695035,0.0812822,83.28873239,0.34917001,89.29016393,0.18889525,77.74242424,,,0.05781339,85.69306931,,,0.00057241,"Aaron Civale",19479,650644
"Bailey Falter","- - -",0.60686827,92.19256757,,,0.18093285,85.16997167,0.13531522,78.04166667,,,0.07688365,85.31333333,,,0.0005123,"Bailey Falter",20070,663559
"Taijuan Walker","PHI",0.29694323,92.12908497,0.11111111,83.61135371,0.30228045,87.13162119,0.06453178,75,,,0.22513343,87.39439655,,,0.00048497,"Taijuan Walker",11836,592836
"George Kirby","SEA",0.55608821,96.24051724,0.27085331,87.22831858,,,0.12416107,84.49034749,0.01342282,87.92857143,0.03547459,86.43243243,,,0.00047916,"George Kirby",25436,669923
"Spencer Strider","ATL",0.51279621,95.54856614,0.35308057,84.17449664,,,0.08862559,78.44385027,0.04549763,85.875,,,,,0.00047371,"Spencer Strider",27498,675911
"Brad Lord","WSN",0.66588346,94.69160198,0.20347744,85.54965358,,,,,0.1306391,85.88129496,,,,,0.0004697,"Brad Lord",31972,695418
"Edward Cabrera","MIA",0.33969805,96.92810458,0.17273535,88.53470437,,,0.23579041,84.05461394,0.2517762,94.27865961,,,,,0.00044385,"Edward Cabrera",21690,665795
"Drew Rasmussen","TBR",0.58167675,95.69910847,0.04667243,84.61111111,0.31460674,90.34615385,0.04494382,80.72115385,0.01210026,89.39285714,,,,,0.00043178,"Drew Rasmussen",25385,656876
"Seth Lugo","KCR",0.35756303,91.57579318,0.22310924,78.85875706,0.13403361,89.39184953,0.18403361,78.81278539,0.08781513,86.41626794,0.01344538,84.71875,,,0.00042017,"Seth Lugo",12447,607625
"Ryne Nelson","ARI",0.61962693,95.71138743,0.12449311,86.27687296,0.12246553,90.53311258,0.10583942,79.99233716,0.02757502,87,,,,,0.00040535,"Ryne Nelson",26253,669194
"Quinn Priester","MIL",0.41896272,93.92069632,0.27309562,86.17952522,0.20056726,92.33535354,0.09197731,80.99118943,0.01539708,88.31578947,,,,,0.00040502,"Quinn Priester",25977,682990
"Chris Paddack","- - -",0.48615984,93.68163593,0.12436647,86.46708464,0.03625731,88.74193548,0.11851852,78.22039474,0.23469786,84.51162791,,,,,0.00038971,"Chris Paddack",20099,663978
"Brayan Bello","BOS",0.50092696,95.27387121,0.19021135,85.73684211,0.15684093,88.31205674,,,0.15202076,88.84878049,,,,,0.00037064,"Brayan Bello",23920,678394
"Ryan Pepiot","TBR",0.47499074,95.21060842,0.18154872,89.08979592,0.06002223,91.7962963,0.03297518,80.85393258,0.25046313,86.81065089,,,,,0.00037037,"Ryan Pepiot",26221,686752
"Matthew Boyd","CHC",0.50145666,93.22367466,0.14857975,82.01960784,,,0.11325564,73.5659164,0.23670794,78.74615385,,,,,0.00036403,"Matthew Boyd",15440,571510
"MacKenzie Gore","WSN",0.49254791,95.29755043,0.11674947,86.73556231,0.04755145,90.31343284,0.23953158,81.59703704,0.10361959,86.21232877,,,,,0.00035474,"MacKenzie Gore",22201,669022
"Cristopher Sánchez","PHI",0.45994475,95.44402705,0.16609116,85.75051975,,,,,0.37396409,86.31578947,,,,,0.00034518,"Cristopher Sanchez",20778,650911
"Max Fried","NYY",0.58185912,94.29132117,0.13541332,82.13064133,,,0.173046,75.32342007,0.10968157,85.30791789,,,,,0.00032154,"Max Fried",13743,608331
"Carlos Rodón","NYY",0.51587796,93.75785024,0.28455791,85.9211391,0.00031133,91,0.03767123,80.29752066,0.16158157,85.05780347,,,,,0.00031124,"Carlos Rodon",16137,607074
"Ryan Brasier","CHC",0.52227723,93.96208531,0.3490099,85.39716312,0.12871287,89.15384615,,,,,,,,,,"Ryan Brasier",5615,518489
"Carlos Carrasco","- - -",0.4351733,90.95575221,0.27086008,83.95260664,,,0.08087291,77.79365079,0.21309371,84.92168675,,,,,,"Carlos Carrasco",6632,471911
"Ryan Pressly","CHC",0.48562784,93.39875389,0.2118003,88.80714286,,,0.24659607,81.41104294,0.05597579,88.75675676,,,,,,"Ryan Pressly",7005,519151
"Kirby Yates","LAD",0.57742782,92.825,,,,,,,,,0.42257218,85.96273292,,,,"Kirby Yates",9073,489446
"Brooks Raley","NYM",0.24226804,90.71276596,0.42010309,81.39263804,0.20103093,87.19230769,,,0.13659794,84.11320755,,,,,,"Brooks Raley",10061,548384
"Zack Wheeler","PHI",0.58061821,95.92877698,0.14786967,83.78813559,0.08521303,91.8872549,0.09774436,81.19230769,,,0.08855472,87.16509434,,,,"Zack Wheeler",10310,554430
"Michael Tonkin","MIN",0.64987406,92.39147287,0.35012594,83.00719424,,,,,,,,,,,,"Michael Tonkin",10315,543859
"Chris Sale","ATL",0.45445593,94.80173348,0.47119645,79.07210031,,,,,0.07434761,86.79470199,,,,,,"Chris Sale",10603,519242
"Jameson Taillon","CHC",0.45376453,92.29844098,0.14855988,80.28911565,0.14653866,85.80689655,0.13946438,79.72826087,0.11167256,84.0678733,,,,,,"Jameson Taillon",11674,592791
"Adrian Houser","- - -",0.57610994,94.63486239,0.15433404,88.16780822,,,0.11680761,81.760181,0.15274841,85.91695502,,,,,,"Adrian Houser",12718,605288
"Shawn Armstrong","TEX",0.52415027,93.82423208,0.23166369,85.0965251,0.24418605,90.88644689,,,,,,,,,,"Shawn Armstrong",12857,542888
"Andrew Chafin","- - -",0.60749186,89.69705094,0.38599349,80.60337553,,,,,0.00651466,84.25,,,,,,"Andrew Chafin",12988,605177
"Steven Matz","- - -",0.58534483,94.52135493,0.01465517,88.64705882,,,0.21810345,79.53754941,0.18189655,83.85781991,,,,,,"Steven Matz",13361,571927
"Matt Bowman","BAL",0.46085011,91.1407767,0.20134228,82.93333333,0.25279642,88.59292035,,,,,0.08501119,84.15789474,,,,"Matt Bowman",13528,621199
"Chris Stratton","- - -",0.43065693,91.28813559,0.17761557,85.65753425,,,0.20924574,80.47674419,0.18248175,84.74666667,,,,,,"Chris Stratton",13761,608717
"Zach Eflin","BAL",0.30967169,91.91977077,0.13664596,79.23376623,0.22094055,88.53413655,0.16592724,78.13368984,0.16681455,86.64361702,,,,,,"Zach Eflin",13774,621107
"Chris Flexen","CHC",0.4115899,92.48736462,0.09806835,80.83333333,0.28231798,89.08421053,0.1872214,73.30952381,0.02080238,81.28571429,,,,,,"Chris Flexen",13896,623167
"Michael Wacha","KCR",0.39647412,93.14664144,0.12228057,84.88923077,0.1504126,88.22194514,0.07726932,75.18446602,0.25356339,79.86686391,,,,,,"Michael Wacha",14078,608379
"Lance McCullers Jr.","HOU",0.30340017,91.5862069,0.31996513,82.88555858,0.04359198,89.2,0.16390584,82.36702128,0.16913688,86.75773196,,,,,,"Lance McCullers Jr.",14120,621121
"Edwin Díaz","NYM",0.5257732,97.28163993,0.4732896,89.16633663,,,,,0.00093721,95,,,,,,"Edwin Diaz",14710,621242
"Paul Blackburn","- - -",0.34684685,92.65800866,0.16216216,81.68518519,0.26876877,90.05027933,0.12462462,80.57831325,0.0975976,86.55384615,,,,,,"Paul Blackburn",14739,621112
"Michael Lorenzen","KCR",0.40207075,93.54184549,0.2092321,84.07835052,0.10440035,90.29752066,0.11173425,82.22007722,0.17256255,83.7975,,,,,,"Michael Lorenzen",14843,547179
"Tyler Rogers","- - -",0.74539877,83.54183813,0.25460123,74.10040161,,,,,,,,,,,,"Tyler Rogers",15541,643511
"Mark Leiter Jr.","NYY",0.39182692,93.78527607,0.01682692,83.28571429,0.03004808,90.8,0.25480769,74.09433962,,,0.30649038,85.85490196,,,,"Mark Leiter Jr.",15551,643410
"Luis Castillo","SEA",0.68239625,94.97400687,0.20381526,84.54679803,,,,,0.11378849,87.21470588,,,,,,"Luis Castillo",15689,622491
"Sean Manaea","NYM",0.61004566,91.76946108,0.33881279,77.77628032,,,,,0.05114155,84.53571429,,,,,,"Sean Manaea",15873,640455
"Ryne Stanek","NYM",0.5710254,98.58319605,0.30950141,87.556231,,,,,,,0.11947319,89.34645669,,,,"Ryne Stanek",15947,592773
"Aaron Nola","PHI",0.48214286,91.48544974,,,0.07334184,86.26956522,0.29145408,78.2428884,0.15306122,84.87916667,,,,,,"Aaron Nola",16149,605400
"Brandon Woodruff","MIL",0.61618257,93.01346801,0.01244813,80.66666667,0.156639,89.54966887,0.0373444,78.63888889,0.17738589,83.67251462,,,,,,"Brandon Woodruff",16162,605540
"Tyler Mahle","TEX",0.49529327,92.00877193,0.10789283,83.38255034,0.1230992,85.57647059,,,,,0.2737147,84.09259259,,,,"Tyler Mahle",16358,641816
"Scott Blewett","- - -",0.36849508,93.42748092,0.4416315,84.02866242,,,,,,,0.18987342,85.08148148,,,,"Scott Blewett",16427,656240
"Dan Altavilla","CHW",0.51973684,96.30379747,0.25,90.71929825,,,,,0.23026316,91.80952381,,,,,,"Dan Altavilla",16507,656186
"Austin Gomber","COL",0.34334334,89.48979592,0.2002002,83.315,,,0.24824825,76.08467742,0.16416416,80.99390244,0.04404404,81.11363636,,,,"Austin Gomber",16561,596295
"Trevor Williams","WSN",0.5089779,87.60651289,0.36256906,77.8152381,,,,,0.12845304,81.37096774,,,,,,"Trevor Williams",16977,592866
"Pablo López","MIN",0.47736299,94.40765391,0.21207307,84.96629213,,,0.09849087,82.63709677,0.21207307,87.3670412,,,,,,"Pablo Lopez",17085,641154
"Justin Steele","CHC",0.62619808,90.83673469,0.28753994,81.68888889,,,0.06070288,79.05263158,0.02555911,84.875,,,,,,"Justin Steele",17312,657006
"Taylor Clarke","KCR",0.39884393,94.82608696,0.39768786,87.57848837,,,,,0.20346821,89.71022727,,,,,,"Taylor Clarke",17611,664199
"Nabil Crismatt","ARI",0.3988764,89.17840376,,,0.06554307,82.94285714,0.15543071,73.84337349,0.38014981,81.42857143,,,,,,"Nabil Crismatt",17732,622503
"José Alvarado","PHI",0.64770241,99.11148649,0.30415755,93.18705036,,,0.04814004,84.90909091,,,,,,,,"Jose Alvarado",17780,621237
"Nestor Cortes","- - -",0.38397329,90.17391304,0.13355593,78.1375,0.34390651,86.72330097,,,0.13856427,82.31325301,,,,,,"Nestor Cortes",17874,641482
"Dennis Santana","PIT",0.36926148,94.72702703,0.46407186,86.99784946,0.10578842,90.72641509,,,0.06087824,88.50819672,,,,,,"Dennis Santana",17878,642701
"Garrett Cleavinger","TBR",0.49199085,96.54883721,0.47482838,85.80963855,0.03318078,89.89655172,,,,,,,,,,"Garrett Cleavinger",17897,664076
"Logan Webb","SFG",0.41316271,92.6460177,0.26569165,84.68922018,0.07982937,91.10687023,,,0.24131627,86.5479798,,,,,,"Logan Webb",17995,657277
"Pete Fairbanks","TBR",0.51165147,97.33267327,0.40121581,85.37373737,0.03850051,90.68421053,,,0.04863222,94.29166667,,,,,,"Pete Fairbanks",17998,664126
"Tommy Nance","TOR",0.27765727,94.53125,0.42950108,88.67171717,,,0.29284165,84.99259259,,,,,,,,"Tommy Nance",19178,667297
"Tony Gonsolin","LAD",0.40229885,93.55510204,0.16091954,88.16326531,,,0.16912972,81.80582524,,,0.26765189,84.20245399,,,,"Tony Gonsolin",19388,664062
"Ronel Blanco","HOU",0.35642317,93.24381625,0.31360202,85.60240964,,,0.20403023,80.20987654,0.12594458,84.42,,,,,,"Ronel Blanco",19407,669854
"Shane Bieber","TOR",0.35658915,92.62608696,0.20155039,85.53846154,0.12713178,87.45121951,0.18604651,82.65833333,0.12868217,89.10843373,,,,,,"Shane Bieber",19427,669456
"Jason Alexander","- - -",0.50079872,91.15151515,0.16054313,78.57711443,0.01118211,86.85714286,,,0.32747604,80.37560976,,,,,,"Jason Alexander",19666,669920
"Shohei Ohtani","LAD",0.46215139,98.09482759,0.34130146,86.08171206,0.06374502,93.66666667,0.0876494,78.56060606,,,0.04515272,90.20588235,,,,"Shohei Ohtani",19755,660271
"Bryan Baker","- - -",0.47186933,96.81538462,0.24954628,88.59636364,,,,,0.27858439,85.12703583,,,,,,"Bryan Baker",19804,641329
"Michael King","SDP",0.53896637,93.18112633,0.15422477,82.25531915,0.09269893,83.30973451,,,0.21410993,86.8045977,,,,,,"Michael King",19853,650633
"Griffin Canning","NYM",0.35070737,94.11889597,0.31422189,87.73696682,0.03946389,89.69811321,0.06478034,81.43678161,0.23082651,89.53225806,,,,,,"Griffin Canning",19867,656288
"Kevin Ginkel","ARI",0.57433809,94.93617021,0.42566191,84.9138756,,,,,,,,,,,,"Kevin Ginkel",19876,656464
"Tanner Houck","BOS",0.45794393,94.55102041,0.35380507,83.54716981,,,,,,,0.188251,89.46808511,,,,"Tanner Houck",19879,656557
"Tony Santillan","CIN",0.6504065,96.3,0.3495935,86.3255814,,,,,,,,,,,,"Tony Santillan",19926,663574
"Bryse Wilson","CHW",0.41451991,92.28531073,0.00117096,82,0.24238876,88.02415459,0.16393443,80.81428571,0.17798595,85.99342105,,,,,,"Bryse Wilson",19990,669060
"Tyler Wells","BAL",0.36549708,92.904,0.14327485,86.69387755,0.16959064,90.03448276,0.09064327,78.87096774,0.23099415,86.43037975,,,,,,"Tyler Wells",20000,669330
"Tyler Phillips","MIA",0.4048474,95.31485588,0.22531418,84.5059761,,,0.23339318,84.10769231,0.13644524,86.95394737,,,,,,"Tyler Phillips",20629,663969
"Manuel Rodríguez","TBR",0.50348028,97.17511521,0.49651972,89.46728972,,,,,,,,,,,,"Manuel Rodriguez",20794,655889
"Luis Gil","NYY",0.51030928,95.34949495,0.25360825,86.65853659,,,,,0.23608247,90.84716157,,,,,,"Luis Gil",21052,661563
"Bailey Ober","MIN",0.39091681,90.3029316,0.28140917,81.7933635,,,0.03862479,75.34065934,0.28904924,83.35242291,,,,,,"Bailey Ober",21224,641927
"Tylor Megill","NYM",0.61831442,95.06946265,0.23338736,83.96875,,,0.07617504,80.62765957,0.07212318,88.25842697,,,,,,"Tylor Megill",21318,656731
"Bennett Sousa","HOU",0.41895604,95.06557377,0.58104396,85.71158392,,,,,,,,,,,,"Bennett Sousa",21345,656986
"Konnor Pilkington","WSN",0.59,94.52542373,0.188,85.46808511,,,0.006,82.66666667,0.216,85.62037037,,,,,,"Konnor Pilkington",21453,663455
"Justin Hagenman","NYM",0.25065274,93.05208333,0.19582245,84.56,0.32375979,86.75806452,,,0.22976501,86.85227273,,,,,,"Justin Hagenman",21546,663795
"Tristan Beck","SFG",0.33047736,94.72222222,0.49816401,86.06879607,,,0.17135863,80.63571429,,,,,,,,"Tristan Beck",21584,663941
"Javier Assad","CHC",0.52557319,92.27852349,0.14109347,81.1125,0.21340388,88.95867769,0.06349206,76.97222222,0.05643739,86.5,,,,,,"Javier Assad",21741,665871
"Cole Ragans","KCR",0.49490269,95.29588015,0.13809082,84.77181208,0.04726599,89.96078431,0.1278962,80.0942029,0.1918443,84.46859903,,,,,,"Cole Ragans",21846,666142
"John King","STL",0.60613811,93.06329114,0.14450128,84.34513274,,,0.05498721,80.1627907,0.1943734,85.75,,,,,,"John King",22051,667463
"José Soriano","LAA",0.57758621,97.33955224,0.06106322,89.18823529,,,0.26616379,85.28340081,,,0.09518678,92.2,,,,"Jose Soriano",22100,667755
"Max Kranick","NYM",0.40642722,95.60280374,0.47448015,88.76095618,,,0.11909263,79.17460317,,,,,,,,"Max Kranick",22175,668820
"Hunter Greene","CIN",0.54176201,99.5343189,0.34897025,89.73770492,,,0.00171625,84.66666667,,,0.10755149,88.44680851,,,,"Hunter Greene",22182,668881
"Tobias Myers","MIL",0.45157385,93.51742627,0.19249395,84.66037736,0.17191283,88,0.01452785,76.58333333,0.02058111,81.88235294,0.14891041,83.02439024,,,,"Tobias Myers",22191,668964
"Logan Gilbert","SEA",0.37662338,95.44581281,0.35157699,87.51319261,,,0.0742115,82.0875,,,0.19758813,81.85915493,,,,"Logan Gilbert",22250,669302
"Sean Reynolds","SDP",0.51821862,96.01171875,0.42510121,86.13333333,,,,,0.05668016,88,,,,,,"Sean Reynolds",22253,669308
"Tarik Skubal","DET",0.53246753,97.49571523,0.12495612,90.0252809,,,0.02772903,81.27848101,0.31484731,88.09587514,,,,,,"Tarik Skubal",22267,669373
"Matt Sauer","LAD",0.3984375,94.23529412,0.19140625,83.79591837,0.31640625,90,0.00585938,82,0.08789063,87.35555556,,,,,,"Matt Sauer",22284,669422
"Trevor Rogers","BAL",0.55808236,93.0407489,0.19237861,80.15015974,,,,,0.24953903,86.27832512,,,,,,"Trevor Rogers",22286,669432
"Taj Bradley","- - -",0.46884401,96.26054358,,,0.22776107,89.7027027,0.14697035,81.84776119,,,0.15642458,91.39204545,,,,"Taj Bradley",22543,671737
"Eduardo Salazar","WSN",0.66788991,94.68956044,0.31743119,87.52023121,,,,,0.0146789,86.75,,,,,,"Eduardo Salazar",23135,674285
"Janson Junk","MIA",0.37792848,93.68026101,0.42786683,85.22766571,,,0.11713933,81.91578947,0.07706535,88.12,,,,,,"Janson Junk",23301,676083
"Joey Cantillo","CLE",0.41967013,91.76710335,0.08735492,85.09090909,,,0.18753818,77.32247557,0.30543677,78.286,,,,,,"Joey Cantillo",23335,676282
"PJ Poulin","WSN",0.53460621,90.72321429,0.24105012,78.68316832,,,,,0.22434368,80.36170213,,,,,,"PJ Poulin",23394,676571
"Max Lazar","PHI",0.55108359,94.57022472,,,0.15479876,88.35,0.26160991,81.12426036,,,0.03250774,86.85714286,,,,"Max Lazar",23426,676661
"JP Sears","- - -",0.47548605,91.93866667,0.37489434,79.578354,,,,,0.14961961,83.46327684,,,,,,"JP Sears",23429,676664
"Aaron Ashby","MIL",0.54211036,97.44642857,0.07647628,84.17721519,,,0.26911907,82.29136691,0.11229429,91.28448276,,,,,,"Aaron Ashby",23550,676879
"Ben Brown","CHC",0.55656623,95.886619,,,,,0.39852189,87.21398003,0.04491188,90.51898734,,,,,,"Ben Brown",23590,676962
"Ryan Weathers","MIA",0.48286604,96.8,0.21495327,84.51449275,0.00934579,91.16666667,,,0.29283489,87.36170213,,,,,,"Ryan Weathers",23796,677960
"Valente Bellozo","MIA",0.28744327,90.89210526,0.15582451,78.82524272,0.34871407,84.62906725,0.04538578,76.48333333,0.16263238,81.40465116,,,,,,"Valente Bellozo",23899,678368
"Randy Rodríguez","SFG",0.55445545,97.43080357,0.44554455,86.34166667,,,,,,,,,,,,"Randy Rodriguez",23974,678495
"Kai-Wei Teng","SFG",0.37347295,93.10280374,0.38568935,84.52036199,,,0.13787086,83.01265823,0.10296684,87.74576271,,,,,,"Kai-Wei Teng",24282,678906
"Kyle Bradish","BAL",0.55263158,94.74725275,0.31578947,87.03205128,,,0.13157895,84.06153846,,,,,,,,"Kyle Bradish",24586,680694
"Austin Cox","ATL",0.36299766,92.78709677,0.32552693,86.64748201,0.03278689,91.21428571,0.17564403,80.4,,,0.1030445,82.22727273,,,,"Austin Cox",24604,680735
"Jonathan Bowlan","KCR",0.50756534,95.78861789,0.31224209,85.86784141,,,0.09628611,81.05714286,0.08390646,88.37704918,,,,,,"Jonathan Bowlan",24607,680742
"Shawn Dubin","- - -",0.50090744,94.22101449,0.17422868,83.34375,0.03448276,88.94736842,0.14519056,81.775,0.14519056,87.775,,,,,,"Shawn Dubin",24977,681869
"Erik Sabrowski","CLE",0.68326693,94.01457726,0.16533865,87.25301205,,,0.15139442,80.36842105,,,,,,,,"Erik Sabrowski",24978,681870
"Jacob Lopez","ATH",0.41416567,90.76521739,0.30552221,78.18467583,0.14645858,87.68852459,,,0.13385354,82.77578475,,,,,,"Jacob Lopez",25098,682052
"Brady Singer","CIN",0.51052632,92.0556701,0.39649123,82.4,0.09298246,87.56603774,,,,,,,,,,"Brady Singer",25377,663903
"Paxton Schultz","TOR",0.37053571,93.8373494,0.14732143,85.48484848,0.28794643,88.85271318,,,0.19419643,86.3908046,,,,,,"Paxton Schultz",25501,687606
"Nic Enright","CLE",0.66353383,93.21529745,0.27819549,84.89864865,,,0.05639098,82.46666667,,,0.0018797,86,,,,"Nic Enright",25553,663671
"Luis Mey","CIN",0.75238095,98.9516129,0.24761905,86.58653846,,,,,,,,,,,,"Luis Mey",25620,682825
"Bryan King","HOU",0.67973231,91.98874824,0.3001912,80.0955414,,,0.00478011,77.2,0.01529637,87.3125,,,,,,"Bryan King",25890,687911
"Sawyer Gipson-Long","DET",0.46652268,92.1712963,0.21814255,82.47524752,0.10367171,87.8125,,,0.21166307,84.23469388,,,,,,"Sawyer Gipson-Long",26048,687830
"Easton Lucas","TOR",0.50684932,93.83333333,0.09817352,81.18604651,0.18721461,88.19512195,,,0.20776256,87.35164835,,,,,,"Easton Lucas",26058,687922
"Kade Strowd","BAL",0.33497537,96.02941176,0.11083744,84.82222222,0.41133005,91.79640719,0.14285714,83.06896552,,,,,,,,"Kade Strowd",26191,669704
"Wikelman González","CHW",0.55978261,95.16504854,0.28532609,80.26666667,,,,,0.1548913,88.92982456,,,,,,"Wikelman Gonzalez",26641,682790
"Anthony Veneziano","- - -",0.42236025,93.65686275,0.50724638,84.74285714,,,,,0.07039337,87.08823529,,,,,,"Anthony Veneziano",27453,685107
"Garrett Crochet","BOS",0.51951761,96.32885086,0.1593145,82.79083665,0.27832434,90.90307868,,,0.04284354,87.81481481,,,,,,"Garrett Crochet",27463,676979
"Max Meyer","MIA",0.35769231,94.78975741,0.46730769,89.11316872,,,,,0.175,89.3956044,,,,,,"Max Meyer",27474,676974
"Bryce Jarvis","ARI",0.49144254,93.84577114,0.21271394,85.24137931,0.03667482,88.2,0.04645477,82.78947368,0.21271394,82.6091954,,,,,,"Bryce Jarvis",27477,686826
"Landon Knack","LAD",0.4851229,93.12,0.11901682,85.32608696,,,0.13454075,80.22115385,0.26131953,84.62871287,,,,,,"Landon Knack",27487,689017
"Clayton Beeter","- - -",0.53978495,96.54183267,0.46021505,87.5,,,,,,,,,,,,"Clayton Beeter",27494,690925
"Graham Ashcraft","CIN",,,0.45813282,89.88865546,0.54186718,97.09769094,,,,,,,,,,"Graham Ashcraft",27552,668933
"Hayden Wesneski","HOU",0.47637795,93.46280992,0.25,83.25984252,0.11417323,88.31034483,0.08858268,77.08888889,0.07086614,85.75,,,,,,"Hayden Wesneski",27581,669713
"Connor Phillips","CIN",0.49867374,98.2393617,0.4535809,85.92982456,,,0.04774536,86.44444444,,,,,,,,"Connor Phillips",27649,683175
"Mick Abel","- - -",0.55277778,96.22613065,0.1375,86.95959596,,,0.22222222,82.7625,0.0875,89.15873016,,,,,,"Mick Abel",27756,690953
"Kyle Nicolas","PIT",0.5107362,97.64864865,0.26533742,90.49132948,,,0.22392638,83.89041096,,,,,,,,"Kyle Nicolas",27775,693312
"Gordon Graceffo","STL",0.45238095,95.73684211,0.26322751,89.25628141,,,0.25793651,83.41025641,0.02645503,86.3,,,,,,"Gordon Graceffo",29519,700669
"Andre Granillo","STL",0.29362881,94.66037736,0.65096953,83.51489362,,,,,0.05540166,88.5,,,,,,"Andre Granillo",29542,701552
"Kyle Backhus","ARI",0.63488372,91.00732601,0.26976744,78.43103448,,,,,0.09534884,78.43902439,,,,,,"Kyle Backhus",29615,679775
"Alek Jacob","SDP",0.56825939,85.0960961,0.10921502,71.90625,,,,,0.3225256,74.17989418,,,,,,"Alek Jacob",29628,689690
"Sam Bachman","LAA",0.36119403,97.19008264,0.55223881,87.86486486,,,,,0.08656716,90.75862069,,,,,,"Sam Bachman",29754,696147
"Mason Montgomery","TBR",0.66239814,98.7486819,0.33760186,89.79310345,,,,,,,,,,,,"Mason Montgomery",29770,682254
"Emmet Sheehan","LAD",0.46771379,95.65671642,0.30366492,87.87356322,,,0.06108202,77.95714286,0.16753927,86.26701571,,,,,,"Emmet Sheehan",29839,686218
"Bubba Chandler","PIT",0.54013015,98.91566265,0.17570499,89.09876543,,,0.05856833,85.33333333,0.22559653,91.72115385,,,,,,"Bubba Chandler",29868,696149
"Andrew Abbott","CIN",0.47179679,92.83927158,0.13896152,82.84139785,0.04295854,88.73043478,0.14979455,80.98254364,0.19648861,84.85741445,,,,,,"Andrew Abbott",29911,671096
"Dylan Dodd","ATL",0.35261194,93.84126984,0.08022388,82.62790698,0.56529851,86.94059406,,,0.00186567,85,,,,,,"Dylan Dodd",29928,689266
"AJ Smith-Shawver","ATL",0.46694796,95.62349398,0.04219409,86.93333333,,,0.15189873,77.39814815,,,0.33895921,83.22821577,,,,"AJ Smith-Shawver",29960,700363
"Grant Holman","ATH",0.4787234,94.63333333,0.13297872,86.66,,,,,,,0.38829787,87.07534247,,,,"Grant Holman",30002,680880
"McCade Brown","COL",0.57171315,94.3728223,0.19322709,85.34020619,,,0.17928287,78.82222222,0.05577689,87.71428571,,,,,,"McCade Brown",30004,685326
"David Festa","MIN",0.44217687,94.1025641,0.2675737,87.63983051,,,,,0.29024943,87.80859375,,,,,,"David Festa",30056,701581
"Gavin Williams","CLE",0.44,96.53613054,0.19555556,86.62062937,0.13982906,91.79217604,0.22393162,82.06717557,0.00068376,87.5,,,,,,"Gavin Williams",30122,668909
"Richard Fitts","BOS",0.47891156,95.71022727,0.38911565,87.09090909,,,0.10748299,82.97468354,0.0244898,89.33333333,,,,,,"Richard Fitts",30160,690916
"Jackson Jobe","DET",0.44241733,96.17010309,0.30786773,88.88888889,,,0.08095781,81.53521127,0.16875713,85.33108108,,,,,,"Jackson Jobe",30203,695549
"Jaden Hill","COL",0.51124744,96.888,0.24335378,88.58823529,,,,,0.24539877,84.7,,,,,,"Jaden Hill",30250,677955
"Bryan Woo","SEA",0.7284451,95.65553869,0.20044215,86.86764706,,,,,0.07111275,89.68393782,,,,,,"Bryan Woo",30279,693433
"Jack Perkins","ATH",0.42229199,95.97769517,0.32810047,86.33492823,0.13814757,93.38636364,0.00784929,84.4,0.10361068,89.37878788,,,,,,"Jack Perkins",31468,678022
"Logan Henderson","MIL",0.48780488,92.99,0.03414634,83.35714286,0.07804878,87.6875,,,0.4,81.92682927,,,,,,"Logan Henderson",31475,701656
"Zach Agnos","COL",0.29791271,95.8089172,0.16698292,84.97727273,0.33017078,92.71264368,,,,,0.20493359,86.81481481,,,,"Zach Agnos",31552,688642
"Carson Palmquist","COL",0.5248227,90.41081081,0.31489362,73.91441441,0.12624113,81.96629213,,,0.03404255,81.45833333,,,,,,"Carson Palmquist",31612,687223
"Carson Whisenhunt","SFG",0.47794118,92.59487179,0.1495098,83,,,,,0.37254902,81.20394737,,,,,,"Carson Whisenhunt",31676,687931
"Mason Barnett","ATH",0.53364269,94.39565217,0.21345708,84.86956522,,,0.15081206,78.58461538,0.10208817,85.38636364,,,,,,"Mason Barnett",31741,686930
"Troy Melton","DET",0.52286585,96.83381924,0.23780488,85.55128205,0.10518293,91.01449275,0.05335366,78.85714286,,,0.08079268,88.22641509,,,,"Troy Melton",31807,675512
"Zebby Matthews","MIN",0.45454545,96.24065041,0.24907613,88.27002967,0.1315595,91.78651685,0.05912786,82.9375,0.10569106,87.48251748,,,,,,"Zebby Matthews",31827,805673
"Adam Mazur","MIA",0.39877301,94.66666667,0.40695297,86.08040201,,,0.11042945,82.37037037,0.08384458,89.31707317,,,,,,"Adam Mazur",31900,800049
"Parker Messick","CLE",0.4944,92.51456311,0.1456,86.43956044,,,0.1264,77.17721519,0.2336,84.69178082,,,,,,"Parker Messick",31986,800048
"Cam Schlittler","NYY",0.62011173,97.996139,0.23064645,91.55363322,,,0.14924182,83.28877005,,,,,,,,"Cam Schlittler",32095,693645
"Luis Morales","ATH",0.52375152,97.29534884,0.34470158,83.12720848,0.00121803,88,,,0.13032887,89.8411215,,,,,,"Luis Morales",32227,806960
"Chase Dollander","COL",0.58605174,97.85700576,0.00281215,87,0.12035996,89.77570093,0.21316085,79.26121372,0.0776153,89.39130435,,,,,,"Chase Dollander",33482,801403
"Mitch Farris","LAA",0.49876543,90.34158416,0.2345679,81.58947368,,,,,0.26666667,77.7037037,,,,,,"Mitch Farris",33628,815083
"Paul Skenes","PIT",0.49249249,98.10365854,0.21488155,84.72049689,,,0.04738071,83.8943662,0.10910911,88.78287462,0.13613614,93.72058824,,,,"Paul Skenes",33677,694973
"Shinnosuke Ogasawara","WSN",0.39614243,91.1423221,0.18991098,81.53125,,,0.19139466,72.36434109,0.22255193,80.72,,,,,,"Shinnosuke Ogasawara",35324,829272