"year","last_name, first_name","pitcher_id","team_name","team_name_abbrev","pitch_hand","avg_speed","pitches_thrown","total_pitches","pitches_per_game","pitch_per","pitch_type","pitch_type_name","pitcher_break_z","league_break_z","diff_z","rise","pitcher_break_z_induced","pitcher_break_x","league_break_x","diff_x","tail","percent_rank_diff_z","percent_rank_diff_x"
"2025","Peralta, Freddy","642547","Brewers","MIL","R","94.8","1651","3086",19.049382716049383,0.5349967595593,"FF","4-Seam Fastball",13.9,-15.1,1.2,"8",16.8,4.6,-8.3,-3.7,"-45",0.7922374429223744,0.09817351598173515
"2025","Gausman, Kevin","592332","Blue Jays","TOR","R","94.5","1628","3030",18.703703703703702,0.5372937293729373,"FF","4-Seam Fastball",14.1,-14.6,0.5,"3",16.8,11.1,-7.4,3.7,"50",0.6232876712328768,0.8995433789954338
"2025","Ray, Robbie","592662","Giants","SF","L","93.6","1595","3069",18.944444444444443,0.5197132616487455,"FF","4-Seam Fastball",13.2,-14.8,1.5,"10",18.2,8.2,-6.9,1.3,"19",0.8493150684931506,0.6461187214611872
"2025","Nelson, Ryne","669194","D-backs","AZ","R","95.7","1526","2466",15.222222222222221,0.6188158961881589,"FF","4-Seam Fastball",10.8,-13.3,2.5,"19",19.2,3.2,-6.7,-3.4,"-52",0.95662100456621,0.12100456621004566
"2025","Parker, Mitchell","680730","Nationals","WSH","L","93","1501","2705",16.69753086419753,0.5548983364140481,"FF","4-Seam Fastball",13.8,-14.4,0.6,"4",18,5.8,-6.3,-0.5,"-8",0.6484018264840182,0.4155251141552511
"2025","Gallen, Zac","668678","D-backs","AZ","R","93.5","1410","3134",19.34567901234568,0.44990427568602426,"FF","4-Seam Fastball",14.2,-14.7,0.5,"4",17.2,4.3,-7,-2.7,"-39",0.6232876712328768,0.18493150684931506
"2025","Ryan, Joe","657746","Twins","MIN","R","93.7","1403","2795",17.253086419753085,0.5019677996422183,"FF","4-Seam Fastball",17.7,-18.1,0.4,"2",13.7,12.6,-11.4,1.3,"11",0.6118721461187214,0.6461187214611872
"2025","Gore, MacKenzie","669022","Nationals","WSH","L","95.3","1388","2818",17.395061728395063,0.49254790631653655,"FF","4-Seam Fastball",13.2,-14.2,0.9,"7",17,6.6,-7.6,-1,"-13",0.7328767123287672,0.3538812785388128
"2025","Castillo, Luis","622491","Mariners","SEA","R","95","1386","2988",18.444444444444443,0.463855421686747,"FF","4-Seam Fastball",18.1,-17.7,-0.4,"-2",12.4,13,-12,1,"8",0.4360730593607306,0.6141552511415526
"2025","Pivetta, Nick","601713","Padres","SD","R","93.8","1383","2851",17.598765432098766,0.48509294984216067,"FF","4-Seam Fastball",11.7,-13.2,1.5,"12",19.7,2.7,-5.4,-2.7,"-51",0.8493150684931506,0.18493150684931506
"2025","Rodón, Carlos","607074","Yankees","NYY","L","94.1","1344","3212",19.82716049382716,0.41843088418430885,"FF","4-Seam Fastball",13.5,-14.3,0.8,"5",17.6,10.8,-6.6,4.2,"63",0.6917808219178082,0.9246575342465754
"2025","Flaherty, Jack","656427","Tigers","DET","R","92.9","1327","2831",17.47530864197531,0.468738961497704,"FF","4-Seam Fastball",15.9,-16.4,0.6,"3",15.8,5.8,-8.4,-2.6,"-31",0.6484018264840182,0.19863013698630136
"2025","Senzatela, Antonio","622608","Rockies","COL","R","95","1316","2284",14.098765432098766,0.5761821366024519,"FF","4-Seam Fastball",18.4,-14.4,-4,"-27",11.7,4.9,-7.3,-2.5,"-33",0.045662100456621,0.20776255707762556
"2025","Boyd, Matthew","571510","Cubs","CHC","L","93.3","1294","2746",16.950617283950617,0.4712308812818645,"FF","4-Seam Fastball",18.6,-15.9,-2.7,"-17",12.9,13.2,-8.2,5,"61",0.11187214611872145,0.9657534246575342
"2025","Cease, Dylan","656302","Padres","SD","R","97.1","1282","3044",18.790123456790123,0.4211563731931669,"FF","4-Seam Fastball",10.7,-12.9,2.2,"17",18.5,3.7,-6.9,-3.2,"-47",0.9178082191780822,0.13013698630136986
"2025","Woo, Bryan","693433","Mariners","SEA","R","95.7","1279","2714",16.753086419753085,0.4712601326455416,"FF","4-Seam Fastball",15.1,-15.8,0.8,"5",14.9,9.7,-9.7,0,"0",0.6917808219178082,0.4657534246575342
"2025","Abbott, Andrew","671096","Reds","CIN","L","92.8","1263","2677",16.52469135802469,0.4717967874486365,"FF","4-Seam Fastball",15.7,-15.4,-0.3,"-2",16.2,9.1,-7.2,1.9,"27",0.4634703196347032,0.723744292237443
"2025","Pepiot, Ryan","686752","Rays","TB","R","95.2","1211","2698",16.65432098765432,0.44885100074128986,"FF","4-Seam Fastball",11.2,-14,2.8,"20",19.1,7.8,-7.1,0.7,"10",0.9680365296803652,0.5547945205479452
"2025","Springs, Jeffrey","605488","Athletics","ATH","L","90.7","1211","2847",17.574074074074073,0.42536002809975415,"FF","4-Seam Fastball",17.5,-16.5,-1,"-6",16,11.4,-7,4.4,"62",0.3242009132420091,0.9337899543378996
"2025","deGrom, Jacob","594798","Rangers","TEX","R","97.5","1203","2614",16.135802469135804,0.46021423106350423,"FF","4-Seam Fastball",12.5,-13.6,1.1,"8",16.5,8.9,-8.4,0.5,"5",0.769406392694064,0.5228310502283106
"2025","Pallante, Andre","669467","Cardinals","STL","R","94.5","1199","2720",16.790123456790123,0.44080882352941175,"FF","4-Seam Fastball",20.6,-14.2,-6.5,"-46",9.9,0.3,-6.9,-6.6,"-95",0.0045662100456621,0.0136986301369863
"2025","Baz, Shane","669358","Rays","TB","R","97","1194","2718",16.77777777777778,0.4392935982339956,"FF","4-Seam Fastball",12.6,-13.6,1,"8",16.7,9.9,-7.8,2.1,"27",0.7442922374429224,0.7442922374429224
"2025","Verlander, Justin","434378","Giants","SF","R","93.9","1182","2608",16.098765432098766,0.4532208588957055,"FF","4-Seam Fastball",12.6,-13,0.4,"3",18.6,8.9,-6.9,2,"28",0.6118721461187214,0.730593607305936
"2025","Rodriguez, Eduardo","593958","D-backs","AZ","L","92","1177","2588",15.975308641975309,0.45479134466769705,"FF","4-Seam Fastball",17.2,-15.9,-1.4,"-9",14.9,5.5,-7.3,-1.8,"-25",0.2579908675799087,0.2579908675799087
"2025","Skenes, Paul","694973","Pirates","PIT","R","98.2","1167","2997",18.5,0.3893893893893894,"FF","4-Seam Fastball",16.9,-13.1,-3.8,"-29",11.6,14,-8.2,5.8,"71",0.05251141552511415,0.9794520547945206
"2025","Warren, Will","701542","Yankees","NYY","R","93.3","1165","2802",17.296296296296298,0.41577444682369735,"FF","4-Seam Fastball",16.1,-15.8,-0.3,"-2",15.4,7.9,-8.1,-0.2,"-2",0.4634703196347032,0.4337899543378995
"2025","Giolito, Lucas","608337","Red Sox","BOS","R","93.3","1145","2367",14.61111111111111,0.4837346852555978,"FF","4-Seam Fastball",13.5,-14.4,0.9,"6",18.1,6.8,-6.5,0.3,"4",0.7328767123287672,0.4885844748858447
"2025","Crochet, Garrett","676979","Red Sox","BOS","L","96.4","1141","3151",19.450617283950617,0.36210726753411615,"FF","4-Seam Fastball",13.6,-13.1,-0.5,"-4",15.9,8,-7,1.1,"15",0.410958904109589,0.6232876712328768
"2025","Brown, Hunter","686613","Astros","HOU","R","96.6","1109","2962",18.28395061728395,0.37440918298446996,"FF","4-Seam Fastball",12.2,-12.9,0.8,"6",17.3,6.8,-6.8,0,"0",0.6917808219178082,0.4657534246575342
"2025","Paddack, Chris","663978","Tigers","DET","R","93.7","1095","2565",15.833333333333334,0.4269005847953216,"FF","4-Seam Fastball",13.2,-14.2,1,"7",18.1,8.8,-6.6,2.2,"34",0.7442922374429224,0.7534246575342466
"2025","Williams, Gavin","668909","Guardians","CLE","R","96.6","1094","2925",18.055555555555557,0.37401709401709404,"FF","4-Seam Fastball",14.2,-13,-1.2,"-9",15.2,10.9,-7.1,3.9,"55",0.2990867579908676,0.9155251141552512
"2025","Smith, Shane","681343","White Sox","CWS","R","95.7","1089","2419",14.932098765432098,0.45018602728400164,"FF","4-Seam Fastball",15.7,-13.9,-1.7,"-12",14.3,7.3,-7.5,-0.2,"-3",0.21232876712328766,0.4337899543378995
"2025","Kikuchi, Yusei","579328","Angels","LAA","L","94.8","1081","3094",19.098765432098766,0.3493859082094376,"FF","4-Seam Fastball",15.2,-15.2,0,"0",15.4,9.4,-8.5,0.9,"11",0.5114155251141552,0.5844748858447488
"2025","Strider, Spencer","675911","Braves","ATL","R","95.5","1081","2110",13.024691358024691,0.5123222748815166,"FF","4-Seam Fastball",13.7,-13.8,0.2,"1",16.4,8.9,-7.3,1.5,"21",0.5662100456621004,0.6712328767123288
"2025","Imanaga, Shota","684007","Cubs","CHC","L","90.8","1059","2176",13.432098765432098,0.4866727941176471,"FF","4-Seam Fastball",15.5,-17.5,2,"12",18,11.9,-8.2,3.7,"46",0.9018264840182648,0.8995433789954338
"2025","Rea, Colin","607067","Cubs","CHC","R","93.9","1052","2533",15.635802469135802,0.41531780497433873,"FF","4-Seam Fastball",17,-15.3,-1.7,"-11",14,8.5,-7.9,0.6,"7",0.21232876712328766,0.5365296803652968
"2025","Lord, Brad","695418","Nationals","WSH","R","94.8","1032","2127",13.12962962962963,0.48519040902679833,"FF","4-Seam Fastball",20.1,-16.4,-3.6,"-22",10.5,15.6,-10.2,5.4,"53",0.0639269406392694,0.9726027397260274
"2025","Burke, Sean","680732","White Sox","CWS","R","94.4","1023","2376",14.666666666666666,0.4305555555555556,"FF","4-Seam Fastball",12.4,-13.5,1.1,"8",18.4,5,-6.4,-1.4,"-21",0.769406392694064,0.3127853881278539
"2025","Leiter, Jack","683004","Rangers","TEX","R","97.3","1003","2583",15.944444444444445,0.3883081687959737,"FF","4-Seam Fastball",11.7,-13.4,1.7,"12",17.4,8.9,-8.1,0.8,"10",0.8721461187214612,0.5662100456621004
"2025","Luzardo, Jesús","666200","Phillies","PHI","L","96.5","1002","3013",18.598765432098766,0.3325589113840027,"FF","4-Seam Fastball",15.5,-14.3,-1.2,"-8",14.1,12,-8.1,3.9,"48",0.2990867579908676,0.9155251141552512
"2025","Keller, Mitch","656605","Pirates","PIT","R","94.1","998","2870",17.71604938271605,0.34773519163763067,"FF","4-Seam Fastball",15.6,-14.8,-0.9,"-6",15.3,8.5,-7.3,1.1,"16",0.3356164383561644,0.6232876712328768
"2025","Falter, Bailey","663559","Royals","KC","L","92.1","992","1951",12.04320987654321,0.5084572014351615,"FF","4-Seam Fastball",13.8,-15.4,1.6,"10",18.5,3.8,-7,-3.2,"-46",0.860730593607306,0.13013698630136986
"2025","Yamamoto, Yoshinobu","808967","Dodgers","LAD","R","95.4","982","2789",17.21604938271605,0.3520975259949803,"FF","4-Seam Fastball",14.1,-14.9,0.8,"5",16,6.9,-8.4,-1.5,"-18",0.6917808219178082,0.2968036529680365
"2025","Wheeler, Zack","554430","Phillies","PHI","R","96.1","981","2394",14.777777777777779,0.40977443609022557,"FF","4-Seam Fastball",15.1,-14.7,-0.4,"-3",14.7,10.1,-9.2,1,"11",0.4360730593607306,0.6141552511415526
"2025","Brown, Ben","676962","Cubs","CHC","R","95.8","978","1759",10.858024691358025,0.5559977259806709,"FF","4-Seam Fastball",12.9,-13,0.1,"1",17,7.4,-6.2,1.2,"20",0.547945205479452,0.632420091324201
"2025","Sears, JP","676664","Padres","SD","L","92.2","951","2366",14.604938271604938,0.40194420963651734,"FF","4-Seam Fastball",18.3,-18.1,-0.2,"-1",14.1,11.9,-9.9,2,"20",0.4863013698630137,0.730593607305936
"2025","Greene, Hunter","668881","Reds","CIN","R","99.5","947","1748",10.790123456790123,0.5417620137299771,"FF","4-Seam Fastball",10.9,-11.8,0.9,"8",16.9,8.9,-7.6,1.3,"18",0.7328767123287672,0.6461187214611872
"2025","Irvin, Jake","663623","Nationals","WSH","R","92.4","941","2944",18.17283950617284,0.319633152173913,"FF","4-Seam Fastball",17.4,-15.7,-1.7,"-11",14.7,9.4,-7.4,2.1,"28",0.21232876712328766,0.7442922374429224
"2025","Allen, Logan","671106","Guardians","CLE","L","91.2","910","2709",16.72222222222222,0.3359173126614987,"FF","4-Seam Fastball",16.6,-17.7,1.2,"7",16.3,6.3,-8.7,-2.4,"-27",0.7922374429223744,0.21689497716894976
"2025","Heaney, Andrew","571760","Dodgers","LAD","L","90.1","907","2082",12.851851851851851,0.4356388088376561,"FF","4-Seam Fastball",21.3,-20,-1.3,"-7",12.7,15.9,-10.6,5.3,"50",0.273972602739726,0.9703196347031964
"2025","Horton, Cade","690990","Cubs","CHC","R","95.7","899","1788",11.037037037037036,0.5027964205816555,"FF","4-Seam Fastball",15.4,-14,-1.4,"-10",14.5,0.1,-7.3,-7.2,"-98",0.2579908675799087,0.0091324200913242
"2025","Cecconi, Slade","677944","Guardians","CLE","R","94.3","899","2063",12.734567901234568,0.4357731459040233,"FF","4-Seam Fastball",15.1,-14.7,-0.4,"-3",15.8,10.7,-7.4,3.4,"46",0.4360730593607306,0.8789954337899544
"2025","Anderson, Tyler","542881","Angels","LAA","L","89.3","892","2339",14.438271604938272,0.38135955536554084,"FF","4-Seam Fastball",15.1,-16.9,1.9,"11",19.5,6.9,-6.3,0.5,"8",0.8926940639269406,0.5228310502283106
"2025","Bradley, Taj","671737","Twins","MIN","R","96.2","877","2272",14.024691358024691,0.38600352112676056,"FF","4-Seam Fastball",11.1,-13.4,2.2,"17",18.5,6.2,-6.9,-0.7,"-10",0.9178082191780822,0.3949771689497717
"2025","Dollander, Chase","801403","Rockies","COL","R","97.9","865","1778",10.975308641975309,0.4865016872890889,"FF","4-Seam Fastball",16.1,-14.4,-1.7,"-12",12.4,11.5,-9.3,2.2,"24",0.21232876712328766,0.7534246575342466
"2025","Pérez, Eury","691587","Marlins","MIA","R","97.9","858","1673",10.32716049382716,0.5128511655708309,"FF","4-Seam Fastball",11.1,-12.8,1.7,"13",17.7,10.2,-7.5,2.8,"37",0.8721461187214612,0.819634703196347
"2025","Woods Richardson, Simeon","680573","Twins","MIN","R","93.2","856","1878",11.592592592592593,0.45580404685835996,"FF","4-Seam Fastball",13.3,-14.2,0.9,"6",18.4,5.4,-6.2,-0.8,"-13",0.7328767123287672,0.3835616438356164
"2025","Ober, Bailey","641927","Twins","MIN","R","90.3","846","2356",14.54320987654321,0.35908319185059423,"FF","4-Seam Fastball",16.8,-16.6,-0.3,"-2",16.8,8.2,-6.2,2,"31",0.4634703196347032,0.730593607305936
"2025","Sale, Chris","519242","Braves","ATL","L","94.8","846","2031",12.537037037037036,0.41654357459379615,"FF","4-Seam Fastball",21.3,-16.7,-4.7,"-28",9.3,15,-10.2,4.8,"47",0.0273972602739726,0.95662100456621
"2025","Skubal, Tarik","669373","Tigers","DET","L","97.6","835","2849",17.58641975308642,0.2930852930852931,"FF","4-Seam Fastball",11.8,-12.6,0.8,"7",17,3.5,-7,-3.5,"-50",0.6917808219178082,0.11187214611872145
"2025","Freeland, Kyle","607536","Rockies","COL","L","91.6","830","2482",15.320987654320987,0.33440773569701854,"FF","4-Seam Fastball",17.5,-16,-1.4,"-9",15.1,7.9,-7.2,0.7,"10",0.2579908675799087,0.5547945205479452
"2025","Bibee, Tanner","676440","Guardians","CLE","R","94.4","827","2969",18.32716049382716,0.2785449646345571,"FF","4-Seam Fastball",16.1,-13.8,-2.2,"-16",14.6,5.6,-6.4,-0.8,"-13",0.1643835616438356,0.3835616438356164
"2025","Smith, Cade","671922","Guardians","CLE","R","96.4","826","1182",7.296296296296297,0.6988155668358714,"FF","4-Seam Fastball",13.1,-13.1,0,"0",16.5,8.7,-7,1.7,"25",0.5114155251141552,0.6963470319634704
"2025","Rasmussen, Drew","656876","Rays","TB","R","95.8","820","2316",14.296296296296296,0.3540587219343696,"FF","4-Seam Fastball",12.4,-13.6,1.2,"8",17.3,4.1,-7.1,-2.9,"-42",0.7922374429223744,0.16666666666666666
"2025","Wentz, Joey","666214","Braves","ATL","L","93.4","800","1815",11.203703703703704,0.44077134986225897,"FF","4-Seam Fastball",13.4,-13.9,0.5,"4",18,5,-6.2,-1.1,"-18",0.6232876712328768,0.3378995433789954
"2025","Santillan, Tony","663574","Reds","CIN","R","96.3","799","1230",7.592592592592593,0.6495934959349593,"FF","4-Seam Fastball",16.3,-15.4,-0.9,"-6",13.3,11.7,-9.5,2.2,"23",0.3356164383561644,0.7534246575342466
"2025","Gilbert, Logan","669302","Mariners","SEA","R","95.4","791","2156",13.308641975308642,0.36688311688311687,"FF","4-Seam Fastball",13.6,-13.8,0.2,"1",16.5,8.5,-7.1,1.5,"21",0.5662100456621004,0.6712328767123288
"2025","Mize, Casey","663554","Tigers","DET","R","94.6","790","2353",14.524691358024691,0.3357416064598385,"FF","4-Seam Fastball",13.5,-14.2,0.8,"5",17.2,8.1,-7.1,0.9,"13",0.6917808219178082,0.5844748858447488
"2025","Lauer, Eric","641778","Blue Jays","TOR","L","91.7","782","1682",10.382716049382717,0.464922711058264,"FF","4-Seam Fastball",16.8,-15.9,-0.9,"-6",15.9,8.7,-7,1.7,"24",0.3356164383561644,0.6963470319634704
"2025","Severino, Luis","622663","Athletics","ATH","R","96.1","771","2731",16.858024691358025,0.2823141706334676,"FF","4-Seam Fastball",13.5,-13.7,0.2,"2",16.3,7.2,-7.3,-0.1,"-2",0.5662100456621004,0.4383561643835616
"2025","Gusto, Ryan","687473","Marlins","MIA","R","94.1","769","1760",10.864197530864198,0.4369318181818182,"FF","4-Seam Fastball",13,-14.8,1.8,"12",18.2,5.8,-7.4,-1.6,"-22",0.8812785388127854,0.2808219178082192
"2025","Martin, Davis","663436","White Sox","CWS","R","94","755","2309",14.253086419753087,0.3269813772195756,"FF","4-Seam Fastball",16,-14.7,-1.3,"-9",15.1,6.2,-7.2,-1,"-14",0.273972602739726,0.3538812785388128
"2025","Taillon, Jameson","592791","Cubs","CHC","R","92.3","751","1979",12.216049382716049,0.3794845881758464,"FF","4-Seam Fastball",14,-15.1,1.1,"7",18.3,7.4,-6.8,0.6,"9",0.769406392694064,0.5365296803652968
"2025","Márquez, Germán","608566","Rockies","COL","R","94.8","737","2085",12.87037037037037,0.35347721822541966,"FF","4-Seam Fastball",16.3,-14.8,-1.5,"-10",14.1,10.2,-7.9,2.4,"30",0.24429223744292236,0.7808219178082192
"2025","Povich, Cade","700249","Orioles","BAL","L","92.2","726","1971",12.166666666666666,0.3683409436834094,"FF","4-Seam Fastball",15,-15.6,0.6,"4",17.4,10.5,-7.2,3.4,"47",0.6484018264840182,0.8789954337899544
"2025","Mejia, Juan","675848","Rockies","COL","R","96.6","722","1074",6.62962962962963,0.6722532588454376,"FF","4-Seam Fastball",16.7,-13.8,-3,"-21",12.3,1.1,-7.6,-6.5,"-86",0.091324200913242,0.0182648401826484
"2025","Wacha, Michael","608379","Royals","KC","R","93.1","719","2665",16.450617283950617,0.2697936210131332,"FF","4-Seam Fastball",13.6,-14.1,0.6,"4",18.1,6.5,-6,0.5,"8",0.6484018264840182,0.5228310502283106
"2025","Kremer, Dean","665152","Orioles","BAL","R","93.3","713","2692",16.617283950617285,0.2648588410104012,"FF","4-Seam Fastball",13.5,-15,1.5,"10",18.1,7.6,-7,0.5,"8",0.8493150684931506,0.5228310502283106
"2025","Morton, Charlie","450203","Braves","ATL","R","94.2","704","2548",15.728395061728396,0.27629513343799056,"FF","4-Seam Fastball",18.5,-15.9,-2.6,"-16",12.4,11.9,-8.7,3.2,"37",0.1232876712328767,0.863013698630137
"2025","Estrada, Jeremiah","669093","Padres","SD","R","97.9","702","1236",7.62962962962963,0.5679611650485437,"FF","4-Seam Fastball",9.2,-12.6,3.4,"27",19.6,2,-7.4,-5.4,"-73",0.9908675799086758,0.0365296803652968
"2025","Schlittler, Cam","693645","Yankees","NYY","R","98","700","1253",7.734567901234568,0.5586592178770949,"FF","4-Seam Fastball",12.2,-12.2,0,"0",16.3,5.9,-6.6,-0.6,"-9",0.5114155251141552,0.4063926940639269
"2025","Soroka, Michael","647336","Cubs","CHC","R","93.6","694","1527",9.425925925925926,0.4544859201047806,"FF","4-Seam Fastball",16,-15.6,-0.4,"-2",15.3,9.4,-8,1.4,"17",0.4360730593607306,0.6666666666666666
"2025","Lodolo, Nick","666157","Reds","CIN","L","93.9","689","2478",15.296296296296296,0.27804681194511705,"FF","4-Seam Fastball",22.2,-15.9,-6.3,"-40",9.1,16.8,-8.6,8.3,"97",0.00684931506849315,0.997716894977169
"2025","Mikolas, Miles","571945","Cardinals","STL","R","93","688","2480",15.308641975308642,0.27741935483870966,"FF","4-Seam Fastball",16.8,-14.7,-2.1,"-15",14.9,8.4,-6.5,1.8,"28",0.18036529680365296,0.7123287671232876
"2025","Cantillo, Joey","676282","Guardians","CLE","L","91.7","687","1637",10.104938271604938,0.41967012828344535,"FF","4-Seam Fastball",15.6,-15.8,0.2,"1",16.9,7.1,-6.8,0.3,"4",0.5662100456621004,0.4885844748858447
"2025","Latz, Jacob","656641","Rangers","TEX","L","94.2","685","1388",8.567901234567902,0.4935158501440922,"FF","4-Seam Fastball",12.3,-14.5,2.2,"15",18.8,8.8,-7.1,1.6,"23",0.9178082191780822,0.682648401826484
"2025","Mahle, Tyler","641816","Rangers","TEX","R","92","684","1381",8.524691358024691,0.4952932657494569,"FF","4-Seam Fastball",14.3,-16.3,2,"12",18.3,11,-7.6,3.3,"44",0.9018264840182648,0.867579908675799
"2025","Bubic, Kris","663460","Royals","KC","L","92.1","684","1795",11.080246913580247,0.381058495821727,"FF","4-Seam Fastball",14.2,-16,1.8,"11",18.1,4.3,-7.4,-3.1,"-41",0.8812785388127854,0.1415525114155251
"2025","Pfaadt, Brandon","694297","D-backs","AZ","R","93.6","683","2918",18.012345679012345,0.23406442769019878,"FF","4-Seam Fastball",15.6,-15.2,-0.4,"-3",15.5,6,-7.6,-1.5,"-20",0.4360730593607306,0.2968036529680365
"2025","Suarez, Robert","663158","Padres","SD","R","98.6","682","1076",6.6419753086419755,0.6338289962825279,"FF","4-Seam Fastball",10.3,-11.8,1.5,"12",18.1,6.8,-6.9,-0.1,"-1",0.8493150684931506,0.4383561643835616
"2025","Scherzer, Max","453286","Blue Jays","TOR","R","93.6","674","1390",8.580246913580247,0.4848920863309353,"FF","4-Seam Fastball",15.3,-15.5,0.2,"1",16.2,8.7,-7.9,0.9,"11",0.5662100456621004,0.5844748858447488
"2025","Liberatore, Matthew","669461","Cardinals","STL","L","93.9","673","2386",14.728395061728396,0.2820620284995809,"FF","4-Seam Fastball",14.6,-13.9,-0.7,"-5",16.4,7.1,-6.2,0.9,"14",0.3675799086757991,0.5844748858447488
"2025","Littell, Zack","641793","Reds","CIN","R","92.1","663","2788",17.209876543209877,0.23780487804878048,"FF","4-Seam Fastball",16.2,-15.5,-0.7,"-5",16.1,7.3,-7,0.3,"5",0.3675799086757991,0.4885844748858447
"2025","Rogers, Trevor","669432","Orioles","BAL","L","93.1","662","1627",10.04320987654321,0.4068838352796558,"FF","4-Seam Fastball",17.1,-15.3,-1.8,"-12",14.7,11.4,-7.3,4.2,"57",0.20776255707762556,0.9246575342465754
"2025","Manaea, Sean","640455","Mets","NYM","L","91.7","658","1095",6.7592592592592595,0.6009132420091324,"FF","4-Seam Fastball",21.9,-18.3,-3.6,"-20",10.9,14.1,-9.7,4.4,"46",0.0639269406392694,0.9337899543378996
"2025","Gordon, Tanner","685299","Rockies","COL","R","92.3","657","1244",7.679012345679013,0.5281350482315113,"FF","4-Seam Fastball",17.7,-15.4,-2.3,"-15",14.4,11.1,-6.9,4.2,"61",0.1552511415525114,0.9246575342465754
"2025","King, Bryan","687911","Astros","HOU","L","92","655","1046",6.45679012345679,0.6261950286806883,"FF","4-Seam Fastball",18.1,-16.5,-1.6,"-10",14.3,3.9,-7.9,-4.1,"-51",0.23059360730593606,0.08904109589041095
"2025","Pagán, Emilio","641941","Reds","CIN","R","95.8","654","1068",6.592592592592593,0.6123595505617978,"FF","4-Seam Fastball",11.5,-14.1,2.6,"19",18.5,6.8,-7.8,-1,"-12",0.9611872146118722,0.3538812785388128
"2025","Kelly, Merrill","518876","Rangers","TEX","R","91.9","643","2833",17.487654320987655,0.22696787857394987,"FF","4-Seam Fastball",17.8,-17.1,-0.6,"-4",14.8,9.5,-8.7,0.9,"10",0.3904109589041096,0.5844748858447488
"2025","Misiorowski, Jacob","694819","Brewers","MIL","R","99.3","642","1164",7.185185185185185,0.5515463917525774,"FF","4-Seam Fastball",11.9,-12.7,0.8,"6",15.9,9.4,-9,0.4,"4",0.6917808219178082,0.5068493150684932
"2025","Francis, Bowden","670102","Blue Jays","TOR","R","92.5","639","1141",7.04320987654321,0.5600350569675723,"FF","4-Seam Fastball",14,-15.3,1.3,"9",18.3,7.2,-7,0.3,"4",0.815068493150685,0.4885844748858447
"2025","Holmes, Grant","656550","Braves","ATL","R","94.5","639","1964",12.123456790123457,0.32535641547861505,"FF","4-Seam Fastball",15.4,-15,-0.4,"-3",15.2,5.2,-7.7,-2.6,"-33",0.4360730593607306,0.19863013698630136
"2025","Harris, Hogan","663687","Athletics","ATH","L","93.5","638","1125",6.944444444444445,0.5671111111111111,"FF","4-Seam Fastball",14.1,-14.7,0.5,"4",17.5,8.4,-6.9,1.5,"22",0.6232876712328768,0.6712328767123288
"2025","Miller, Bryce","682243","Mariners","SEA","R","94.8","631","1542",9.518518518518519,0.4092088197146563,"FF","4-Seam Fastball",11.6,-14.7,3.1,"21",18.9,6.6,-7.6,-1.1,"-14",0.9840182648401826,0.3378995433789954
"2025","Weaver, Luke","596133","Yankees","NYY","R","95.1","621","1049",6.4753086419753085,0.5919923736892279,"FF","4-Seam Fastball",11.5,-15.2,3.6,"24",19,6.8,-8.4,-1.5,"-18",0.9954337899543378,0.2968036529680365
"2025","Pomeranz, Drew","519141","Cubs","CHC","L","92.7","614","800",4.938271604938271,0.7675,"FF","4-Seam Fastball",14.7,-15.3,0.6,"4",17.1,1.2,-7.2,-6,"-84",0.6484018264840182,0.02968036529680365
"2025","Williams, Trevor","592866","Nationals","WSH","R","87.7","613","1448",8.938271604938272,0.4233425414364641,"FF","4-Seam Fastball",25.2,-22.4,-2.8,"-12",10.1,2.2,-7.4,-5.2,"-70",0.10730593607305935,0.04337899543378995
"2025","Junk, Janson","676083","Marlins","MIA","R","93.6","611","1622",10.012345679012345,0.37669543773119607,"FF","4-Seam Fastball",13.2,-15,1.8,"12",18.1,2.8,-7.3,-4.5,"-61",0.8812785388127854,0.07077625570776255
"2025","Mattson, Isaac","676755","Pirates","PIT","R","93.9","610","777",4.796296296296297,0.7850707850707851,"FF","4-Seam Fastball",12.4,-14.5,2,"14",18.7,8.2,-6.9,1.3,"19",0.9018264840182648,0.6461187214611872
"2025","Kershaw, Clayton","477132","Dodgers","LAD","L","89","609","1770",10.925925925925926,0.3440677966101695,"FF","4-Seam Fastball",16.9,-17.5,0.6,"3",17.6,0.1,-6.4,-6.5,"-101",0.6484018264840182,0.0182648401826484
"2025","Stanek, Ryne","592773","Mets","NYM","R","98.5","607","1063",6.561728395061729,0.5710253998118533,"FF","4-Seam Fastball",10,-11.9,1.9,"16",18.3,8.6,-6.5,2.1,"32",0.8926940639269406,0.7442922374429224
"2025","Leasure, Jordan","673929","White Sox","CWS","R","96.2","605","1130",6.9753086419753085,0.5353982300884956,"FF","4-Seam Fastball",10.4,-13.3,2.9,"22",19.3,4,-7.2,-3.2,"-44",0.9748858447488584,0.13013698630136986
"2025","Peterson, David","656849","Mets","NYM","L","92.3","603","2699",16.660493827160494,0.2234160800296406,"FF","4-Seam Fastball",18.6,-14.9,-3.7,"-25",13.5,4.6,-6.5,-1.9,"-29",0.05707762557077625,0.2534246575342466
"2025","Burrows, Mike","681347","Pirates","PIT","R","95.5","603","1537",9.487654320987655,0.3923227065712427,"FF","4-Seam Fastball",13.1,-13.7,0.6,"4",16.9,5.7,-7,-1.3,"-19",0.6484018264840182,0.3264840182648402
"2025","Palencia, Daniel","694037","Cubs","CHC","R","99.6","602","841",5.191358024691358,0.7158145065398336,"FF","4-Seam Fastball",12.3,-12.7,0.4,"3",15.4,11.9,-8.6,3.3,"39",0.6118721461187214,0.867579908675799
"2025","Kirby, George","669923","Mariners","SEA","R","96.1","601","2086",12.876543209876543,0.288111217641419,"FF","4-Seam Fastball",16.2,-14.1,-2.1,"-15",13.4,10.1,-7.8,2.3,"29",0.18036529680365296,0.7671232876712328
"2025","Senga, Kodai","673540","Mets","NYM","R","94.7","599","1901",11.734567901234568,0.3150973172014729,"FF","4-Seam Fastball",14.2,-14.5,0.3,"2",16.4,7.6,-7.3,0.3,"4",0.593607305936073,0.4885844748858447
"2025","Vest, Will","676684","Tigers","DET","R","96.7","596","1137",7.018518518518518,0.5241864555848724,"FF","4-Seam Fastball",12.7,-13.9,1.2,"9",16.7,5.7,-8,-2.2,"-28",0.7922374429223744,0.23059360730593606
"2025","Gordon, Colton","676467","Astros","HOU","L","91.1","595","1451",8.95679012345679,0.4100620261888353,"FF","4-Seam Fastball",16.9,-16.6,-0.3,"-2",16.3,10,-7.3,2.7,"37",0.4634703196347032,0.8105022831050228
"2025","Mlodzinski, Carmen","669387","Pirates","PIT","R","96.1","594","1647",10.166666666666666,0.36065573770491804,"FF","4-Seam Fastball",18,-15,-3,"-20",11.7,9.7,-9,0.7,"8",0.091324200913242,0.5547945205479452
"2025","Abreu, Bryan","650556","Astros","HOU","R","97.3","594","1189",7.339506172839506,0.49957947855340623,"FF","4-Seam Fastball",12.6,-13.7,1,"8",16.6,6.6,-8.3,-1.7,"-21",0.7442922374429224,0.2694063926940639
"2025","Gray, Sonny","543243","Cardinals","STL","R","91.7","589","2718",16.77777777777778,0.21670345842531272,"FF","4-Seam Fastball",21.8,-16.6,-5.2,"-31",10.5,1.5,-7.8,-9.3,"-119",0.0182648401826484,0.00228310502283105
"2025","Vesia, Alex","681911","Dodgers","LAD","L","92.7","588","1023",6.314814814814815,0.5747800586510264,"FF","4-Seam Fastball",11.1,-15.5,4.4,"28",20.9,5.6,-7.3,-1.6,"-22",1,0.2808219178082192
"2025","Lopez, Jacob","682052","Athletics","ATH","L","90.8","587","1666",10.283950617283951,0.35234093637454983,"FF","4-Seam Fastball",21.6,-18.2,-3.4,"-19",11.9,13.6,-8.8,4.8,"55",0.07534246575342465,0.95662100456621
"2025","Cameron, Noah","702070","Royals","KC","L","92.3","571","2164",13.358024691358025,0.26386321626617376,"FF","4-Seam Fastball",15.2,-15,-0.2,"-1",16.8,4.5,-6.6,-2.1,"-32",0.4863013698630137,0.2374429223744292
"2025","Sterner, Justin","686993","Athletics","ATH","R","93.5","570","1092",6.7407407407407405,0.521978021978022,"FF","4-Seam Fastball",14.4,-15.9,1.4,"9",17.2,9.8,-8.3,1.5,"18",0.8378995433789954,0.6712328767123288
"2025","Montgomery, Mason","682254","Rays","TB","L","98.7","569","859",5.302469135802469,0.6623981373690337,"FF","4-Seam Fastball",9.6,-12.4,2.8,"22",18.5,6.1,-7.7,-1.6,"-21",0.9680365296803652,0.2808219178082192
"2025","Díaz, Edwin","621242","Mets","NYM","R","97.2","561","1067",6.58641975308642,0.5257731958762887,"FF","4-Seam Fastball",16.2,-15.4,-0.8,"-5",12.9,13.1,-10.7,2.3,"22",0.3584474885844749,0.7671232876712328
"2025","Estévez, Carlos","608032","Royals","KC","R","95.9","558","1043",6.438271604938271,0.5349952061361457,"FF","4-Seam Fastball",12.6,-14,1.4,"10",17.2,7.5,-7.5,0,"0",0.8378995433789954,0.4657534246575342
"2025","Bergert, Ryan","686701","Royals","KC","R","93.4","558","1312",8.098765432098766,0.4253048780487805,"FF","4-Seam Fastball",12.8,-15,2.2,"14",18.7,7.8,-7.2,0.6,"8",0.9178082191780822,0.5365296803652968
"2025","Matthews, Zebby","805673","Twins","MIN","R","96.2","556","1353",8.351851851851851,0.4109386548410939,"FF","4-Seam Fastball",13,-13.7,0.7,"5",16.6,9,-7.4,1.6,"21",0.6689497716894978,0.682648401826484
"2025","Schwellenbach, Spencer","680885","Braves","ATL","R","97.1","555","1573",9.709876543209877,0.35282898919262556,"FF","4-Seam Fastball",14.2,-13.7,-0.5,"-4",14.8,5.4,-8.3,-2.8,"-34",0.410958904109589,0.17579908675799086
"2025","Buehler, Walker","621111","Phillies","PHI","R","94","554","2189",13.512345679012345,0.25308359981726813,"FF","4-Seam Fastball",14.2,-15.4,1.2,"8",16.9,5.7,-8,-2.3,"-28",0.7922374429223744,0.22602739726027396
"2025","Akin, Keegan","669211","Orioles","BAL","L","93.7","543","1058",6.530864197530864,0.5132325141776938,"FF","4-Seam Fastball",14.2,-15.3,1,"7",17.2,11.9,-7.9,4,"51",0.7442922374429224,0.9200913242009132
"2025","De Los Santos, Enyel","660853","Astros","HOU","R","96.2","540","1105",6.820987654320987,0.48868778280542985,"FF","4-Seam Fastball",16.7,-14.8,-1.9,"-12",13,10.7,-8.8,1.8,"21",0.1963470319634703,0.7123287671232876
"2025","Glasnow, Tyler","607192","Dodgers","LAD","R","95.7","537","1480",9.135802469135802,0.36283783783783785,"FF","4-Seam Fastball",13.4,-13.4,0,"0",16.4,1.4,-6.5,-5.2,"-79",0.5114155251141552,0.04337899543378995
"2025","Sheehan, Emmet","686218","Dodgers","LAD","R","95.6","536","1146",7.074074074074074,0.4677137870855148,"FF","4-Seam Fastball",12.1,-14.4,2.3,"16",17.9,9.3,-8.1,1.2,"15",0.9337899543378996,0.632420091324201
"2025","Ragans, Cole","666142","Royals","KC","L","95.3","534","1079",6.660493827160494,0.494902687673772,"FF","4-Seam Fastball",13.4,-14,0.7,"5",17,13.8,-7,6.8,"96",0.6689497716894978,0.9908675799086758
"2025","Bido, Osvaldo","674370","Athletics","ATH","R","94.5","529","1378",8.506172839506172,0.3838896952104499,"FF","4-Seam Fastball",15.2,-14.7,-0.5,"-3",15.7,10.3,-7.4,2.8,"38",0.410958904109589,0.819634703196347
"2025","Williams, Devin","642207","Yankees","NYY","R","94.1","529","1115",6.882716049382716,0.4744394618834081,"FF","4-Seam Fastball",15.5,-15.2,-0.3,"-2",15.7,12.8,-8.4,4.4,"52",0.4634703196347032,0.9337899543378996
"2025","Birdsong, Hayden","806185","Giants","SF","R","95.5","527","1194",7.37037037037037,0.44137353433835846,"FF","4-Seam Fastball",12,-13.1,1.1,"8",18.1,6,-6.1,-0.1,"-2",0.769406392694064,0.4383561643835616
"2025","Martinez, Nick","607259","Reds","CIN","R","92.6","525","2577",15.907407407407407,0.20372526193247964,"FF","4-Seam Fastball",14.2,-15.3,1.1,"7",17.8,5.3,-7.2,-1.8,"-26",0.769406392694064,0.2579908675799087
"2025","Megill, Tylor","656731","Mets","NYM","R","95.4","521","1234",7.617283950617284,0.4222042139384117,"FF","4-Seam Fastball",13.3,-13.6,0.2,"2",17,6.6,-7.1,-0.5,"-8",0.5662100456621004,0.4155251141552511
"2025","Baker, Bryan","641329","Rays","TB","R","96.7","520","1102",6.802469135802469,0.47186932849364793,"FF","4-Seam Fastball",11.3,-12.4,1.1,"9",18.1,4.2,-5.9,-1.7,"-29",0.769406392694064,0.2694063926940639
"2025","López, Pablo","641154","Twins","MIN","R","94.5","518","1258",7.765432098765432,0.4117647058823529,"FF","4-Seam Fastball",16.4,-14.8,-1.6,"-11",14.2,6.5,-8,-1.5,"-19",0.23059360730593606,0.2968036529680365
"2025","Dreyer, Jack","676263","Dodgers","LAD","L","92.7","517","1146",7.074074074074074,0.4511343804537522,"FF","4-Seam Fastball",12.4,-15.3,2.9,"19",19.6,7,-7.1,-0.1,"-2",0.9748858447488584,0.4383561643835616
"2025","Vodnik, Victor","680767","Rockies","COL","R","98.7","515","919",5.672839506172839,0.5603917301414582,"FF","4-Seam Fastball",14.5,-13.4,-1.2,"-9",13.4,5.8,-8.7,-2.9,"-34",0.2990867579908676,0.16666666666666666
"2025","Lorenzen, Michael","547179","Royals","KC","R","93.9","510","2318",14.308641975308642,0.2200172562553926,"FF","4-Seam Fastball",16.2,-15.5,-0.7,"-5",14.9,11.5,-8.1,3.3,"41",0.3675799086757991,0.867579908675799
"2025","Miller, Mason","695243","Padres","SD","R","101.2","507","972",6,0.5216049382716049,"FF","4-Seam Fastball",10,-10.7,0.7,"6",16.9,8.6,-7.7,0.9,"11",0.6689497716894978,0.5844748858447488
"2025","Lugo, Seth","607625","Royals","KC","R","91.7","504","2380",14.691358024691358,0.21176470588235294,"FF","4-Seam Fastball",17.1,-16.7,-0.4,"-2",15.3,7.3,-8.1,-0.8,"-10",0.4360730593607306,0.3835616438356164
"2025","Fairbanks, Pete","664126","Rays","TB","R","97.3","504","987",6.092592592592593,0.5106382978723404,"FF","4-Seam Fastball",11.6,-11.6,0,"0",17.2,0.3,-5.3,-5.1,"-95",0.5114155251141552,0.04794520547945205
"2025","Alcantara, Sandy","645261","Marlins","MIA","R","97.7","495","2891",17.84567901234568,0.17122103078519543,"FF","4-Seam Fastball",15.8,-13.4,-2.4,"-18",13.1,14.1,-7.9,6.2,"79",0.136986301369863,0.9863013698630136
"2025","Uceta, Edwin","670955","Rays","TB","R","94","493","1214",7.493827160493828,0.4060955518945634,"FF","4-Seam Fastball",18,-18.8,0.8,"4",13,12.1,-12.2,-0.1,"-1",0.6917808219178082,0.4383561643835616
"2025","Finnegan, Kyle","640448","Tigers","DET","R","96.3","493","846",5.222222222222222,0.58274231678487,"FF","4-Seam Fastball",12.5,-13.8,1.2,"9",17,10.4,-7.6,2.8,"36",0.7922374429223744,0.819634703196347
"2025","Gil, Luis","661563","Yankees","NYY","R","95.3","491","970",5.987654320987654,0.5061855670103093,"FF","4-Seam Fastball",13.9,-14.1,0.2,"2",16.3,2.8,-7.5,-4.7,"-63",0.5662100456621004,0.0593607305936073
"2025","Detmers, Reid","672282","Angels","LAA","L","95.8","491","1083",6.685185185185185,0.4533702677746999,"FF","4-Seam Fastball",11.8,-13.9,2.1,"15",18.2,7.8,-7.3,0.5,"7",0.910958904109589,0.5228310502283106
"2025","Alcala, Jorge","660896","Cardinals","STL","R","97.4","491","1058",6.530864197530864,0.46408317580340264,"FF","4-Seam Fastball",11.3,-12.4,1.1,"9",17.7,8.9,-6.5,2.4,"37",0.769406392694064,0.7808219178082192
"2025","Henry, Cole","669371","Nationals","WSH","R","94.4","489","967",5.969135802469136,0.5056876938986556,"FF","4-Seam Fastball",16.6,-15.4,-1.2,"-7",14.2,14.5,-8.5,6,"70",0.2990867579908676,0.9817351598173516
"2025","Sugano, Tomoyuki","608372","Orioles","BAL","R","92.7","485","2565",15.833333333333334,0.18908382066276802,"FF","4-Seam Fastball",15.1,-15.4,0.3,"2",16.8,5.8,-7.2,-1.4,"-20",0.593607305936073,0.3127853881278539
"2025","Varland, Louis","686973","Blue Jays","TOR","R","98.1","483","1066",6.580246913580247,0.4530956848030019,"FF","4-Seam Fastball",12.9,-13.2,0.3,"2",15.7,7.5,-8.4,-0.9,"-10",0.593607305936073,0.3744292237442922
"2025","Beeks, Jalen","656222","D-backs","AZ","L","94.4","480","916",5.654320987654321,0.5240174672489083,"FF","4-Seam Fastball",15,-14.5,-0.6,"-4",15.7,6.7,-7.2,-0.5,"-8",0.3904109589041096,0.4155251141552511
"2025","Scott, Tanner","656945","Dodgers","LAD","L","96.5","480","911",5.6234567901234565,0.5268935236004391,"FF","4-Seam Fastball",12.7,-15,2.4,"16",16.7,6.2,-9.2,-3,"-33",0.9474885844748858,0.15296803652968036
"2025","Blalock, Bradley","687134","Rockies","COL","R","94.6","480","1033",6.3765432098765435,0.46466602129719264,"FF","4-Seam Fastball",13.6,-13.8,0.2,"1",16.8,2.9,-6.5,-3.6,"-55",0.5662100456621004,0.1050228310502283
"2025","Domínguez, Seranthony","622554","Blue Jays","TOR","R","97.7","476","1101",6.796296296296297,0.4323342415985468,"FF","4-Seam Fastball",13.2,-13.8,0.5,"4",15.5,5.1,-8.5,-3.5,"-40",0.6232876712328768,0.11187214611872145
"2025","Nola, Aaron","605400","Phillies","PHI","R","91.9","475","1568",9.679012345679013,0.30293367346938777,"FF","4-Seam Fastball",17.8,-18.1,0.3,"2",14.8,12.8,-9.5,3.3,"35",0.593607305936073,0.867579908675799
"2025","Rodríguez, Yariel","684320","Blue Jays","TOR","R","95.7","473","1158",7.148148148148148,0.40846286701208984,"FF","4-Seam Fastball",16.5,-14.3,-2.2,"-15",13.5,4.1,-7.8,-3.7,"-47",0.1643835616438356,0.09817351598173515
"2025","Canning, Griffin","656288","Mets","NYM","R","94.1","471","1343",8.290123456790123,0.35070737155621745,"FF","4-Seam Fastball",15.4,-15.3,0,"0",15.8,9.6,-7.9,1.7,"21",0.5114155251141552,0.6963470319634704
"2025","Suter, Brent","608718","Reds","CIN","L","87.3","471","1116",6.888888888888889,0.4220430107526882,"FF","4-Seam Fastball",21.8,-20.1,-1.6,"-8",14.1,2.7,-1.4,-4.2,"-291",0.23059360730593606,0.0821917808219178
"2025","Keller, Brad","641745","Cubs","CHC","R","97.2","470","1113",6.87037037037037,0.4222821203953279,"FF","4-Seam Fastball",13.8,-13.1,-0.7,"-5",15.1,1.4,-7,-5.6,"-80",0.3675799086757991,0.03424657534246575
"2025","Chivilli, Angel","683409","Rockies","COL","R","97.1","469","1022",6.308641975308642,0.4589041095890411,"FF","4-Seam Fastball",19.5,-13.6,-5.9,"-43",9.5,14.3,-7.8,6.4,"82",0.0136986301369863,0.9885844748858448
"2025","Newcomb, Sean","656794","Athletics","ATH","L","93.3","463","1546",9.54320987654321,0.29948253557567917,"FF","4-Seam Fastball",15.9,-15.2,-0.6,"-4",15.8,10.4,-7.5,3,"40",0.3904109589041096,0.8447488584474886
"2025","Berríos, José","621244","Blue Jays","TOR","R","93","459","2584",15.950617283950617,0.17763157894736842,"FF","4-Seam Fastball",16.6,-15.6,-0.9,"-6",15.2,9.8,-7.6,2.2,"29",0.3356164383561644,0.7534246575342466
"2025","Megill, Trevor","656730","Brewers","MIL","R","99.2","456","753",4.648148148148148,0.6055776892430279,"FF","4-Seam Fastball",9,-11.1,2.1,"19",19,4.1,-6.3,-2.2,"-35",0.910958904109589,0.23059360730593606
"2025","Montero, Keider","672456","Tigers","DET","R","93.9","453","1473",9.092592592592593,0.3075356415478615,"FF","4-Seam Fastball",15,-15.1,0.1,"0",16.1,5.4,-7.5,-2.1,"-28",0.547945205479452,0.2374429223744292
"2025","Boyle, Joe","671212","Rays","TB","R","98.5","453","934",5.765432098765432,0.48501070663811563,"FF","4-Seam Fastball",13.3,-12.7,-0.6,"-4",14.8,8.2,-7.9,0.3,"4",0.3904109589041096,0.4885844748858447
"2025","Vásquez, Randy","681190","Padres","SD","R","93.5","452","2148",13.25925925925926,0.21042830540037244,"FF","4-Seam Fastball",15.8,-15.1,-0.7,"-5",15.6,9.1,-7.3,1.8,"24",0.3675799086757991,0.7123287671232876
"2025","Mears, Nick","683232","Brewers","MIL","R","95.4","452","845",5.216049382716049,0.5349112426035503,"FF","4-Seam Fastball",11.8,-13.4,1.6,"12",18.4,5,-6.5,-1.5,"-23",0.860730593607306,0.2968036529680365
"2025","Bednar, David","670280","Yankees","NYY","R","97.1","451","1024",6.320987654320987,0.4404296875,"FF","4-Seam Fastball",11.2,-13.1,1.9,"15",18,8.1,-7.4,0.7,"10",0.8926940639269406,0.5547945205479452
"2025","Patrick, Chad","694477","Brewers","MIL","R","94.2","448","2010",12.407407407407407,0.2228855721393035,"FF","4-Seam Fastball",14.4,-15.4,1,"7",16.6,7.1,-8.1,-1,"-12",0.7442922374429224,0.3538812785388128
"2025","Rodríguez, Randy","678495","Giants","SF","R","97.4","448","808",4.987654320987654,0.5544554455445545,"FF","4-Seam Fastball",10.7,-13.7,2.9,"21",18.2,5.4,-8.3,-2.9,"-35",0.9748858447488584,0.16666666666666666
"2025","Snell, Blake","605483","Dodgers","LAD","L","95.1","448","1028",6.345679012345679,0.4357976653696498,"FF","4-Seam Fastball",12.4,-13.1,0.7,"5",17.8,4.5,-5.8,-1.4,"-23",0.6689497716894978,0.3127853881278539
"2025","Helsley, Ryan","664854","Mets","NYM","R","99.3","445","979",6.04320987654321,0.45454545454545453,"FF","4-Seam Fastball",10.1,-11.8,1.7,"14",17.7,2.2,-7.5,-5.3,"-70",0.8721461187214612,0.03881278538812785
"2025","Burns, Chase","695505","Reds","CIN","R","98.7","442","764",4.716049382716049,0.5785340314136126,"FF","4-Seam Fastball",10,-11.5,1.5,"13",18.1,3.5,-6.3,-2.8,"-45",0.8493150684931506,0.17579908675799086
"2025","Ortiz, Luis","682847","Guardians","CLE","R","96.4","441","1501",9.265432098765432,0.2938041305796136,"FF","4-Seam Fastball",17.7,-15.3,-2.4,"-16",11.9,12.5,-9.6,2.9,"31",0.136986301369863,0.8287671232876712
"2025","Yates, Kirby","489446","Dodgers","LAD","R","92.8","440","762",4.703703703703703,0.5774278215223098,"FF","4-Seam Fastball",18.1,-17.5,-0.6,"-3",13.8,13.5,-9.7,3.8,"39",0.3904109589041096,0.910958904109589
"2025","Montero, Rafael","606160","Tigers","DET","R","95.1","439","1088",6.716049382716049,0.40349264705882354,"FF","4-Seam Fastball",15.5,-16.3,0.8,"5",14.8,9.8,-9.8,0,"0",0.6917808219178082,0.4657534246575342
"2025","Miller, Shelby","571946","Brewers","MIL","R","95.1","438","705",4.351851851851852,0.6212765957446809,"FF","4-Seam Fastball",12.6,-14.8,2.2,"15",17.8,10.8,-8.5,2.3,"28",0.9178082191780822,0.7671232876712328
"2025","Garcia, Robert","676395","Rangers","TEX","L","94.4","436","972",6,0.448559670781893,"FF","4-Seam Fastball",17.2,-15,-2.2,"-15",13.8,10.7,-7.8,2.9,"37",0.1643835616438356,0.8287671232876712
"2025","Webb, Jacob","657097","Rangers","TEX","R","93.4","435","978",6.037037037037037,0.4447852760736196,"FF","4-Seam Fastball",14.5,-15.8,1.3,"8",17.2,8.5,-8.2,0.4,"5",0.815068493150685,0.5068493150684932
"2025","Okert, Steven","595345","Astros","HOU","L","92","433","1051",6.487654320987654,0.41198858230256896,"FF","4-Seam Fastball",16.2,-15.9,-0.4,"-2",16.4,8.1,-7.2,0.9,"12",0.4360730593607306,0.5844748858447488
"2025","Kolek, Stephen","663568","Royals","KC","R","94","432","1689",10.425925925925926,0.2557726465364121,"FF","4-Seam Fastball",18.1,-15.9,-2.2,"-14",12.9,8.2,-8.6,-0.4,"-5",0.1643835616438356,0.4223744292237443
"2025","Eovaldi, Nathan","543135","Rangers","TEX","R","94.1","432","1919",11.845679012345679,0.22511724856696197,"FF","4-Seam Fastball",18.2,-15.8,-2.4,"-15",13,13.3,-8.7,4.6,"52",0.136986301369863,0.952054794520548
"2025","Burke, Brock","656271","Angels","LAA","L","96.1","431","1014",6.2592592592592595,0.4250493096646943,"FF","4-Seam Fastball",14,-13,-1,"-8",15.8,8.4,-6.5,1.9,"28",0.3242009132420091,0.723744292237443
"2025","Morales, Luis","806960","Athletics","ATH","R","97.3","430","821",5.067901234567901,0.5237515225334958,"FF","4-Seam Fastball",13.1,-14.2,1.2,"8",16,7.8,-8.6,-0.7,"-9",0.7922374429223744,0.3949771689497717
"2025","Ort, Kaleb","672391","Astros","HOU","R","96.4","428","788",4.864197530864198,0.5431472081218274,"FF","4-Seam Fastball",11.4,-13.8,2.4,"17",18.4,7.4,-7.6,-0.1,"-2",0.9474885844748858,0.4383561643835616
"2025","Bachar, Lake","669199","Marlins","MIA","R","94.8","425","1143",7.055555555555555,0.37182852143482065,"FF","4-Seam Fastball",12.4,-14.9,2.6,"17",18.3,9.4,-7.8,1.6,"20",0.9611872146118722,0.682648401826484
"2025","Legumina, Casey","668984","Mariners","SEA","R","94.3","424","861",5.314814814814815,0.4924506387921022,"FF","4-Seam Fastball",17.4,-17.9,0.5,"3",13.5,14.7,-11.8,2.9,"25",0.6232876712328768,0.8287671232876712
"2025","Hoffman, Jeff","656546","Blue Jays","TOR","R","96.4","422","1127",6.95679012345679,0.3744454303460515,"FF","4-Seam Fastball",12.4,-13.7,1.3,"10",17.4,12.1,-7.6,4.5,"60",0.815068493150685,0.9452054794520548
"2025","Matsui, Yuki","673513","Padres","SD","L","92.1","420","1063",6.561728395061729,0.3951081843838194,"FF","4-Seam Fastball",12.9,-15.6,2.7,"17",19.6,4.5,-7.2,-2.7,"-37",0.9657534246575342,0.18493150684931506
"2025","Alexander, Tyler","641302","White Sox","CWS","L","90.8","414","1585",9.783950617283951,0.261198738170347,"FF","4-Seam Fastball",17.3,-17.1,-0.1,"-1",15.9,9.3,-7.8,1.5,"19",0.4977168949771689,0.6712328767123288
"2025","Speier, Gabe","642100","Mariners","SEA","L","95","412","921",5.685185185185185,0.44733984799131377,"FF","4-Seam Fastball",15.3,-15.9,0.6,"4",15.1,9.8,-9.4,0.4,"4",0.6484018264840182,0.5068493150684932
"2025","Young, Brandon","687064","Orioles","BAL","R","93.8","411","939",5.796296296296297,0.43769968051118213,"FF","4-Seam Fastball",13.3,-14.6,1.3,"9",18,2.7,-7,-4.4,"-62",0.815068493150685,0.07534246575342465
"2025","Leahy, Kyle","681517","Cardinals","STL","R","95.4","410","1350",8.333333333333334,0.3037037037037037,"FF","4-Seam Fastball",13.5,-13.7,0.2,"1",16.6,3.2,-7.3,-4.1,"-56",0.5662100456621004,0.08904109589041095
"2025","Bello, Brayan","678394","Red Sox","BOS","R","95.1","408","2697",16.64814814814815,0.15127919911012236,"FF","4-Seam Fastball",16.7,-15.4,-1.3,"-9",13.5,7.7,-8.8,-1.1,"-13",0.273972602739726,0.3378995433789954
"2025","Iglesias, Raisel","628452","Braves","ATL","R","94.9","389","964",5.950617283950617,0.40352697095435686,"FF","4-Seam Fastball",15.5,-15.6,0,"0",14.9,9,-8.7,0.3,"3",0.5114155251141552,0.4885844748858447
"2025","Allard, Kolby","663465","Guardians","CLE","L","90.1","389","1000",6.172839506172839,0.389,"FF","4-Seam Fastball",17.6,-18.4,0.8,"4",16.2,6.2,-8.6,-2.4,"-28",0.6917808219178082,0.21689497716894976
"2025","Fried, Max","608331","Yankees","NYY","L","95.8","387","3109",19.191358024691358,0.1244773238983596,"FF","4-Seam Fastball",14.9,-13.5,-1.3,"-10",15,3.1,-7,-3.9,"-55",0.273972602739726,0.09360730593607305
"2025","Hernández, Carlos","672578","Guardians","CLE","R","97.7","386","759",4.685185185185185,0.5085638998682477,"FF","4-Seam Fastball",11.3,-12.5,1.2,"9",17.5,8.2,-7.2,1.1,"15",0.7922374429223744,0.6232876712328768
"2025","Anderson, Grant","681982","Brewers","MIL","R","93.5","385","1158",7.148148148148148,0.3324697754749568,"FF","4-Seam Fastball",19.3,-18.8,-0.5,"-2",12.1,13,-12.3,0.7,"6",0.410958904109589,0.5547945205479452
"2025","Hancock, Emerson","676106","Mariners","SEA","R","94.9","385","1423",8.783950617283951,0.27055516514406186,"FF","4-Seam Fastball",19.1,-15.4,-3.7,"-24",11.4,12.8,-8.6,4.3,"50",0.05707762557077625,0.9315068493150684
"2025","Hendricks, Kyle","543294","Angels","LAA","R","86.5","385","2571",15.87037037037037,0.1497471800855698,"FF","4-Seam Fastball",22.3,-20.8,-1.5,"-7",14.3,5.9,-5.9,-0.1,"-1",0.24429223744292236,0.4383561643835616
"2025","Eisert, Brandon","685126","White Sox","CWS","L","89.7","384","1216",7.506172839506172,0.3157894736842105,"FF","4-Seam Fastball",19.1,-19.8,0.8,"4",15.2,10.1,-9,1.1,"12",0.6917808219178082,0.6232876712328768
"2025","Casparius, Ben","676508","Dodgers","LAD","R","96.1","384","1262",7.790123456790123,0.30427892234548337,"FF","4-Seam Fastball",11.8,-13.9,2.2,"16",17.9,2.8,-7.4,-4.6,"-62",0.9178082191780822,0.0639269406392694
"2025","Wilson, Justin","458677","Red Sox","BOS","L","94.5","382","816",5.037037037037037,0.4681372549019608,"FF","4-Seam Fastball",11.9,-14.2,2.3,"16",18.9,5.2,-6.7,-1.5,"-22",0.9337899543378996,0.2968036529680365
"2025","Bellozo, Valente","678368","Marlins","MIA","R","90.8","380","1322",8.160493827160494,0.2874432677760968,"FF","4-Seam Fastball",15.9,-16.3,0.5,"3",17.5,3.4,-6.9,-3.6,"-52",0.6232876712328768,0.1050228310502283
"2025","Ferguson, Tyler","621053","Athletics","ATH","R","94.8","380","990",6.111111111111111,0.3838383838383838,"FF","4-Seam Fastball",16.2,-14.6,-1.6,"-11",14.5,8.6,-7.4,1.2,"16",0.23059360730593606,0.632420091324201
"2025","Dobbins, Hunter","690928","Red Sox","BOS","R","95.5","377","931",5.746913580246914,0.40494092373791624,"FF","4-Seam Fastball",14.2,-13.7,-0.5,"-3",15.8,2.1,-6.9,-4.9,"-70",0.410958904109589,0.0547945205479452
"2025","Duran, Jhoan","661395","Phillies","PHI","R","100.6","376","1073",6.6234567901234565,0.3504193849021435,"FF","4-Seam Fastball",14.5,-11.8,-2.7,"-23",12.7,13.2,-8.4,4.8,"57",0.11187214611872145,0.95662100456621
"2025","Knack, Landon","689017","Dodgers","LAD","R","93.1","375","773",4.771604938271605,0.4851228978007762,"FF","4-Seam Fastball",12.6,-15.8,3.2,"20",19,6.6,-7.9,-1.3,"-16",0.9885844748858448,0.3264840182648402
"2025","Strahm, Matt","621381","Phillies","PHI","L","92.3","373","993",6.12962962962963,0.3756294058408862,"FF","4-Seam Fastball",15.7,-17.1,1.4,"8",16.7,13.6,-8.7,4.9,"56",0.8378995433789954,0.9634703196347032
"2025","Myers, Tobias","668964","Brewers","MIL","R","93.5","373","826",5.098765432098766,0.4515738498789346,"FF","4-Seam Fastball",11.9,-14.9,2.9,"20",19.5,5.5,-7.1,-1.6,"-22",0.9748858447488584,0.2808219178082192
"2025","McGreevy, Michael","700241","Cardinals","STL","R","93","371","1465",9.04320987654321,0.25324232081911263,"FF","4-Seam Fastball",18.3,-15.3,-3,"-20",13.3,9.6,-7.2,2.3,"33",0.091324200913242,0.7671232876712328
"2025","Palmquist, Carson","687223","Rockies","COL","L","90.4","370","705",4.351851851851852,0.524822695035461,"FF","4-Seam Fastball",20.5,-19.9,-0.5,"-3",12.9,10.9,-10.3,0.6,"6",0.410958904109589,0.5365296803652968
"2025","Alvarado, Elvis","665660","Athletics","ATH","R","98.7","369","765",4.722222222222222,0.4823529411764706,"FF","4-Seam Fastball",14.7,-13.9,-0.9,"-6",13.6,14.2,-9.2,5,"54",0.3356164383561644,0.9657534246575342
"2025","Gómez, Yoendrys","672782","White Sox","CWS","R","93.8","368","1099",6.783950617283951,0.3348498635122839,"FF","4-Seam Fastball",14.8,-15.2,0.5,"3",16.4,6.8,-7.9,-1,"-13",0.6232876712328768,0.3538812785388128
"2025","Chapman, Aroldis","547973","Red Sox","BOS","L","98.4","365","917",5.660493827160494,0.3980370774263904,"FF","4-Seam Fastball",9.9,-11.8,1.9,"16",18.5,3.4,-6.6,-3.2,"-48",0.8926940639269406,0.13013698630136986
"2025","Muñoz, Andrés","662253","Mariners","SEA","R","98.4","363","1035",6.388888888888889,0.3507246376811594,"FF","4-Seam Fastball",15,-13.7,-1.3,"-10",13.4,11.3,-8.9,2.4,"27",0.273972602739726,0.7808219178082192
"2025","May, Dustin","669160","Red Sox","BOS","R","95.4","361","2169",13.38888888888889,0.16643614568925771,"FF","4-Seam Fastball",17.3,-15.3,-2,"-13",12.9,11.3,-9,2.3,"25",0.18493150684931506,0.7671232876712328
"2025","Lazar, Max","676661","Phillies","PHI","R","94.5","357","646",3.9876543209876543,0.5526315789473685,"FF","4-Seam Fastball",14.3,-14.2,-0.1,"-1",16.3,1.1,-7.1,-5.9,"-84",0.4977168949771689,0.0319634703196347
"2025","Weissert, Greg","669711","Red Sox","BOS","R","94.1","357","1069",6.598765432098766,0.33395696913002804,"FF","4-Seam Fastball",18.2,-17,-1.3,"-7",12.6,8.6,-10.3,-1.7,"-17",0.273972602739726,0.2694063926940639
"2025","Green, Chad","643338","Blue Jays","TOR","R","95.2","356","709",4.3765432098765435,0.5021156558533145,"FF","4-Seam Fastball",12.1,-13.9,1.8,"13",18.4,6.8,-6.9,-0.1,"-2",0.8812785388127854,0.4383561643835616
"2025","Suárez, Ranger","624133","Phillies","PHI","L","91.3","356","2430",15,0.14650205761316873,"FF","4-Seam Fastball",21.3,-16.5,-4.7,"-29",11.5,6.1,-7.5,-1.4,"-18",0.0273972602739726,0.3127853881278539
"2025","Kerkering, Orion","689147","Phillies","PHI","R","97.5","353","1073",6.6234567901234565,0.32898415657036345,"FF","4-Seam Fastball",12.9,-13.2,0.2,"2",16,11.4,-7.7,3.7,"49",0.5662100456621004,0.8995433789954338
"2025","Enright, Nic","663671","Guardians","CLE","R","93.2","353","532",3.2839506172839505,0.6635338345864662,"FF","4-Seam Fastball",11.8,-14.7,2.8,"19",19.8,4.6,-6.8,-2.1,"-31",0.9680365296803652,0.2374429223744292
"2025","Thielbar, Caleb","573204","Cubs","CHC","L","92.8","353","839",5.179012345679013,0.42073897497020263,"FF","4-Seam Fastball",12.8,-15.1,2.3,"15",19,3.5,-7,-3.5,"-50",0.9337899543378996,0.11187214611872145
"2025","Brogdon, Connor","641401","Angels","LAA","R","95.5","352","840",5.185185185185185,0.41904761904761906,"FF","4-Seam Fastball",14.8,-13.8,-0.9,"-7",15.5,11,-7.4,3.5,"47",0.3356164383561644,0.8881278538812786
"2025","Kochanowicz, Jack","686799","Angels","LAA","R","95.5","348","1858",11.469135802469136,0.18729817007534985,"FF","4-Seam Fastball",15.9,-13.9,-2,"-14",14.2,7.1,-7.2,-0.1,"-1",0.18493150684931506,0.4383561643835616
"2025","Gaddis, Hunter","683769","Guardians","CLE","R","94.7","347","1049",6.4753086419753085,0.330791229742612,"FF","4-Seam Fastball",13.7,-13.7,0,"0",17,7.4,-6.5,0.9,"14",0.5114155251141552,0.5844748858447488
"2025","Halvorsen, Seth","678020","Rockies","COL","R","100","346","636",3.925925925925926,0.5440251572327044,"FF","4-Seam Fastball",14.4,-11.7,-2.7,"-23",12.9,10.4,-7.9,2.5,"32",0.11187214611872145,0.7945205479452054
"2025","Harrison, Kyle","690986","Red Sox","BOS","L","94.6","345","588",3.6296296296296298,0.5867346938775511,"FF","4-Seam Fastball",18.3,-17.1,-1.2,"-7",12.4,14.3,-10.7,3.6,"34",0.2990867579908676,0.8926940639269406
"2025","Henriquez, Ronny","678692","Marlins","MIA","R","96.7","344","1158",7.148148148148148,0.2970639032815199,"FF","4-Seam Fastball",11.1,-14.5,3.4,"24",18.4,6.3,-8.8,-2.5,"-28",0.9908675799086758,0.20776255707762556
"2025","Lee, Dylan","669276","Braves","ATL","L","94.1","344","1102",6.802469135802469,0.3121597096188748,"FF","4-Seam Fastball",11.8,-14,2.2,"16",19.2,8.4,-6.4,2,"31",0.9178082191780822,0.730593607305936
"2025","Gomber, Austin","596295","Rockies","COL","L","89.5","343","999",6.166666666666667,0.3433433433433433,"FF","4-Seam Fastball",17.7,-16.4,-1.3,"-8",16.3,6.8,-5.6,1.2,"22",0.273972602739726,0.632420091324201
"2025","Sabrowski, Erik","681870","Guardians","CLE","L","93.9","342","503",3.1049382716049383,0.679920477137177,"FF","4-Seam Fastball",11.4,-14.5,3.1,"21",19.8,9.6,-7,2.7,"38",0.9840182648401826,0.8105022831050228
"2025","Enns, Dietrich","608650","Orioles","BAL","L","94","339","741",4.574074074074074,0.4574898785425101,"FF","4-Seam Fastball",13.4,-14.4,1,"7",17.6,5.8,-6.7,-0.9,"-13",0.7442922374429224,0.3744292237442922
"2025","Buttó, José","676130","Giants","SF","R","95.2","338","1095",6.7592592592592595,0.308675799086758,"FF","4-Seam Fastball",15.1,-14.9,-0.2,"-1",15.1,3.2,-8.3,-5.1,"-62",0.4863013698630137,0.04794520547945205
"2025","Taylor, Grant","691799","White Sox","CWS","R","98.7","338","610",3.765432098765432,0.5540983606557377,"FF","4-Seam Fastball",11.3,-12.1,0.8,"7",16.8,0.6,-7,-6.5,"-92",0.6917808219178082,0.0182648401826484
"2025","Nicolas, Kyle","693312","Pirates","PIT","R","97.6","331","652",4.0246913580246915,0.5076687116564417,"FF","4-Seam Fastball",11.6,-12.4,0.8,"6",17.2,6.9,-7,-0.1,"-1",0.6917808219178082,0.4383561643835616
"2025","Smith-Shawver, AJ","700363","Braves","ATL","R","95.6","331","711",4.388888888888889,0.46554149085794655,"FF","4-Seam Fastball",13.9,-14.1,0.2,"1",16.1,9.2,-7.6,1.6,"21",0.5662100456621004,0.682648401826484
"2025","Schreiber, John","670167","Royals","KC","R","93.8","330","1047",6.462962962962963,0.3151862464183381,"FF","4-Seam Fastball",20.3,-18.4,-2,"-11",10.7,10.8,-11.9,-1,"-9",0.18493150684931506,0.3538812785388128
"2025","Graceffo, Gordon","700669","Cardinals","STL","R","95.7","329","756",4.666666666666667,0.4351851851851852,"FF","4-Seam Fastball",13.9,-13.7,-0.2,"-1",16.1,5.4,-7,-1.7,"-24",0.4863013698630137,0.2694063926940639
"2025","Ashcraft, Braxton","677952","Pirates","PIT","R","97","327","1102",6.802469135802469,0.2967332123411978,"FF","4-Seam Fastball",13.4,-13,-0.3,"-3",15.7,7.3,-7,0.3,"5",0.4634703196347032,0.4885844748858447
"2025","Ferguson, Caleb","657571","Mariners","SEA","L","93.9","325","1042",6.432098765432099,0.31190019193857965,"FF","4-Seam Fastball",15.3,-14.9,-0.5,"-3",15.7,4.9,-7.3,-2.4,"-33",0.410958904109589,0.21689497716894976
"2025","Wilson, Steven","621051","White Sox","CWS","R","93.9","325","974",6.012345679012346,0.3336755646817248,"FF","4-Seam Fastball",12.4,-14.7,2.3,"16",18.9,6.2,-7.1,-0.9,"-13",0.9337899543378996,0.3744292237442922
"2025","Zeferjahn, Ryan","666171","Angels","LAA","R","97.4","324","1029",6.351851851851852,0.31486880466472306,"FF","4-Seam Fastball",13.2,-13.2,0,"0",15.8,4.7,-7.7,-3,"-39",0.5114155251141552,0.15296803652968036
"2025","Cannon, Jonathan","686563","White Sox","CWS","R","93.8","324","1793",11.067901234567902,0.18070273284997213,"FF","4-Seam Fastball",16.3,-15.1,-1.2,"-8",15,8.8,-7.4,1.4,"19",0.2990867579908676,0.6666666666666666
"2025","Armstrong, Shawn","542888","Rangers","TEX","R","93.5","323","1118",6.901234567901234,0.2889087656529517,"FF","4-Seam Fastball",15.6,-15.1,-0.5,"-3",15.7,5.4,-7.4,-2,"-27",0.410958904109589,0.2465753424657534
"2025","Stewart, Brock","592779","Dodgers","LAD","R","96.2","322","610",3.765432098765432,0.5278688524590164,"FF","4-Seam Fastball",15.1,-14.7,-0.4,"-3",14.4,5.7,-8.8,-3.1,"-35",0.4360730593607306,0.1415525114155251
"2025","Cruz, Steven","674444","Royals","KC","R","98.2","322","642",3.962962962962963,0.5015576323987538,"FF","4-Seam Fastball",13.5,-13.1,-0.4,"-3",15,9.8,-8.2,1.6,"19",0.4360730593607306,0.682648401826484
"2025","Festa, Matt","670036","Guardians","CLE","R","92.1","320","817",5.04320987654321,0.39167686658506734,"FF","4-Seam Fastball",20.4,-18,-2.4,"-13",11.6,0.6,-9.7,-10.3,"-106",0.136986301369863,0
"2025","Seymour, Ian","693855","Rays","TB","L","91.6","317","995",6.1419753086419755,0.3185929648241206,"FF","4-Seam Fastball",15.3,-16.1,0.8,"5",17.3,6.2,-7.3,-1,"-14",0.6917808219178082,0.3538812785388128
"2025","Rolison, Ryan","669020","Rockies","COL","L","92.9","315","676",4.172839506172839,0.46597633136094674,"FF","4-Seam Fastball",19.4,-15.3,-4.1,"-27",12,0.9,-7.2,-6.3,"-88",0.04337899543378995,0.02511415525114155
"2025","Hernández, Daysbel","678226","Braves","ATL","R","97.7","315","717",4.425925925925926,0.4393305439330544,"FF","4-Seam Fastball",12.7,-13.4,0.7,"5",16.1,8.8,-7.9,1,"12",0.6689497716894978,0.6141552511415526
"2025","Hodge, Porter","687863","Cubs","CHC","R","96","314","624",3.8518518518518516,0.5032051282051282,"FF","4-Seam Fastball",14.7,-13.5,-1.2,"-9",15,0.3,-7.4,-7.1,"-96",0.2990867579908676,0.01141552511415525
"2025","Wrobleski, Justin","680736","Dodgers","LAD","L","96","312","1092",6.7407407407407405,0.2857142857142857,"FF","4-Seam Fastball",13.5,-15.8,2.3,"15",16.2,7.2,-10.2,-3,"-29",0.9337899543378996,0.15296803652968036
"2025","Sasaki, Roki","808963","Dodgers","LAD","R","96.1","310","621",3.8333333333333335,0.499194847020934,"FF","4-Seam Fastball",15.4,-13,-2.4,"-19",14.3,10.5,-6.8,3.7,"55",0.136986301369863,0.8995433789954338
"2025","Elder, Bryce","693821","Braves","ATL","R","92.8","310","2514",15.518518518518519,0.12330946698488465,"FF","4-Seam Fastball",16.4,-14.9,-1.4,"-10",15.3,3.6,-6.6,-3,"-46",0.2579908675799087,0.15296803652968036
"2025","Ross, Joe","605452","Phillies","PHI","R","94.3","305","862",5.320987654320987,0.3538283062645012,"FF","4-Seam Fastball",19.6,-14.6,-5,"-34",11.2,2.8,-7.3,-4.4,"-61",0.0228310502283105,0.07534246575342465
"2025","Sands, Cole","663485","Twins","MIN","R","95","304","1143",7.055555555555555,0.2659667541557305,"FF","4-Seam Fastball",16.7,-15.5,-1.2,"-8",13.7,11.3,-8.9,2.4,"27",0.2990867579908676,0.7808219178082192
"2025","Fermin, José","820862","Angels","LAA","R","96.8","303","645",3.9814814814814814,0.4697674418604651,"FF","4-Seam Fastball",12,-13.1,1.2,"9",17.4,8.7,-7,1.7,"25",0.7922374429223744,0.6963470319634704
"2025","Abel, Mick","690953","Twins","MIN","R","96.4","303","720",4.444444444444445,0.42083333333333334,"FF","4-Seam Fastball",13.3,-13.7,0.5,"3",16.2,8.4,-7.8,0.6,"7",0.6232876712328768,0.5365296803652968
"2025","Quantrill, Cal","615698","Braves","ATL","R","93.7","300","2003",12.364197530864198,0.14977533699450823,"FF","4-Seam Fastball",14.5,-14.3,-0.1,"-1",16.9,9.4,-6.5,2.9,"44",0.4977168949771689,0.8287671232876712
"2025","Singer, Brady","663903","Reds","CIN","R","91.3","299","2850",17.59259259259259,0.10491228070175439,"FF","4-Seam Fastball",18.3,-17.8,-0.4,"-2",14.5,6.3,-8.7,-2.3,"-27",0.4360730593607306,0.22602739726027396
"2025","King, Michael","650633","Padres","SD","R","93.7","297","1219",7.5246913580246915,0.24364232977850697,"FF","4-Seam Fastball",14.8,-15.5,0.7,"5",16.7,7.5,-7.9,-0.4,"-6",0.6689497716894978,0.4223744292237443
"2025","Woodruff, Brandon","605540","Brewers","MIL","R","93.1","296","964",5.950617283950617,0.3070539419087137,"FF","4-Seam Fastball",14.1,-15.1,1.1,"7",17.6,3.4,-7.1,-3.7,"-51",0.769406392694064,0.09817351598173515
"2025","Sousa, Bennett","656986","Astros","HOU","L","95.1","295","728",4.493827160493828,0.4052197802197802,"FF","4-Seam Fastball",13.5,-13.7,0.3,"2",17,3.6,-6.6,-3,"-46",0.593607305936073,0.15296803652968036
"2025","Pilkington, Konnor","663455","Nationals","WSH","L","94.5","295","500",3.0864197530864197,0.59,"FF","4-Seam Fastball",16.2,-14.8,-1.4,"-10",14.6,12.1,-7.6,4.5,"59",0.2579908675799087,0.9452054794520548
"2025","Curtiss, John","595928","D-backs","AZ","R","94.3","293","545",3.3641975308641974,0.5376146788990825,"FF","4-Seam Fastball",13.5,-14,0.5,"4",17.5,7.4,-6.4,0.9,"14",0.6232876712328768,0.5844748858447488
"2025","Ohtani, Shohei","660271","Dodgers","LAD","R","98.4","292","753",4.648148148148148,0.38778220451527223,"FF","4-Seam Fastball",13.7,-13,-0.7,"-6",14.5,5.3,-8.2,-2.9,"-36",0.3675799086757991,0.16666666666666666
"2025","Cabrera, Edward","665795","Marlins","MIA","R","97","292","2252",13.901234567901234,0.12966252220248667,"FF","4-Seam Fastball",14.7,-13.2,-1.4,"-11",14.6,10.9,-7.3,3.6,"49",0.2579908675799087,0.8926940639269406
"2025","Erceg, Lucas","668674","Royals","KC","R","97.6","289","963",5.944444444444445,0.3001038421599169,"FF","4-Seam Fastball",14.3,-12.9,-1.5,"-11",14.4,10.1,-7.4,2.8,"38",0.24429223744292236,0.819634703196347
"2025","Santana, Dennis","642701","Pirates","PIT","R","94.7","287","1002",6.185185185185185,0.28642714570858285,"FF","4-Seam Fastball",16.2,-15,-1.1,"-8",14.4,10.9,-7.9,3,"38",0.319634703196347,0.8447488584474886
"2025","Brown, McCade","685326","Rockies","COL","R","94.3","286","501",3.0925925925925926,0.5708582834331337,"FF","4-Seam Fastball",17.9,-14.3,-3.6,"-25",12.9,11.3,-7.3,4,"55",0.0639269406392694,0.9200913242009132
"2025","Weathers, Ryan","677960","Marlins","MIA","L","96.9","286","642",3.962962962962963,0.4454828660436137,"FF","4-Seam Fastball",13.3,-14.1,0.8,"6",16,9.3,-8.1,1.2,"15",0.6917808219178082,0.632420091324201
"2025","Fitts, Richard","690916","Red Sox","BOS","R","95.9","285","735",4.537037037037037,0.3877551020408163,"FF","4-Seam Fastball",12.9,-13.5,0.7,"5",17,2.4,-7.1,-4.7,"-66",0.6689497716894978,0.0593607305936073
"2025","Morillo, Juan","666661","D-backs","AZ","R","99","285","617",3.808641975308642,0.4619124797406807,"FF","4-Seam Fastball",11.5,-12.8,1.3,"10",16.5,5.3,-8.3,-3,"-36",0.815068493150685,0.15296803652968036
"2025","Blanco, Ronel","669854","Astros","HOU","R","93.2","283","793",4.895061728395062,0.35687263556116017,"FF","4-Seam Fastball",13,-14.7,1.6,"11",18.8,6.7,-6.8,-0.1,"-1",0.860730593607306,0.4383561643835616
"2025","Morgan, David","688158","Padres","SD","R","97.9","281","766",4.728395061728395,0.3668407310704961,"FF","4-Seam Fastball",13.2,-14.5,1.3,"9",15.5,7.7,-9.4,-1.6,"-17",0.815068493150685,0.2808219178082192
"2025","Festa, David","701581","Twins","MIN","R","94.1","280","882",5.444444444444445,0.31746031746031744,"FF","4-Seam Fastball",12.7,-14.1,1.3,"10",18.3,3,-6.7,-3.8,"-56",0.815068493150685,0.0958904109589041
"2025","Kinley, Tyler","641755","Braves","ATL","R","95.1","280","1225",7.561728395061729,0.22857142857142856,"FF","4-Seam Fastball",15.5,-14.2,-1.3,"-9",14.5,2.4,-6.9,-4.6,"-66",0.273972602739726,0.0639269406392694
"2025","Long, Sam","669674","Royals","KC","L","93.2","279","786",4.851851851851852,0.3549618320610687,"FF","4-Seam Fastball",15.3,-15.4,0.1,"1",16.2,6.9,-7.5,-0.6,"-9",0.547945205479452,0.4063926940639269
"2025","Blubaugh, AJ","805123","Astros","HOU","R","94.6","278","507",3.1296296296296298,0.5483234714003945,"FF","4-Seam Fastball",13.1,-14.2,1.1,"8",17.8,11.7,-7.1,4.6,"65",0.769406392694064,0.952054794520548
"2025","Flexen, Chris","623167","Cubs","CHC","R","92.4","277","673",4.154320987654321,0.4115898959881129,"FF","4-Seam Fastball",14.4,-14.5,0.1,"1",17.7,2.2,-6.4,-4.2,"-66",0.547945205479452,0.0821917808219178
"2025","Melton, Troy","675512","Tigers","DET","R","97.1","274","656",4.049382716049383,0.4176829268292683,"FF","4-Seam Fastball",14.1,-13.8,-0.3,"-2",14.9,6.9,-8.4,-1.5,"-18",0.4634703196347032,0.2968036529680365
"2025","Jobe, Jackson","695549","Tigers","DET","R","96.5","273","877",5.41358024691358,0.3112884834663626,"FF","4-Seam Fastball",11.8,-14.1,2.3,"16",17.8,7.5,-7.8,-0.4,"-5",0.9337899543378996,0.4223744292237443
"2025","Civale, Aaron","650644","Cubs","CHC","R","92.1","271","1747",10.783950617283951,0.1551230681167716,"FF","4-Seam Fastball",14.6,-15.6,1,"6",17.9,7.4,-7,0.4,"6",0.7442922374429224,0.5068493150684932
"2025","Ramírez, Yohan","670990","Pirates","PIT","R","96.4","271","604",3.728395061728395,0.44867549668874174,"FF","4-Seam Fastball",16,-14.7,-1.3,"-9",13.5,10.5,-9.2,1.3,"14",0.273972602739726,0.6461187214611872
"2025","Barlow, Scott","605130","Reds","CIN","R","92.3","271","1272",7.851851851851852,0.2130503144654088,"FF","4-Seam Fastball",19.7,-17.3,-2.3,"-13",12.3,3.6,-8.9,-5.3,"-60",0.1552511415525114,0.03881278538812785
"2025","Molina, Anthony","683627","Rockies","COL","R","95.6","270","608",3.753086419753086,0.4440789473684211,"FF","4-Seam Fastball",14.5,-13.8,-0.8,"-6",15.1,7.1,-6.9,0.1,"2",0.3584474885844749,0.4817351598173516
"2025","Beck, Tristan","663941","Giants","SF","R","94.7","270","817",5.04320987654321,0.33047735618115054,"FF","4-Seam Fastball",15,-14.1,-0.9,"-6",15.7,9.7,-7,2.7,"38",0.3356164383561644,0.8105022831050228
"2025","Perkins, Jack","678022","Athletics","ATH","R","96","268","637",3.932098765432099,0.4207221350078493,"FF","4-Seam Fastball",15.7,-15,-0.7,"-5",14.2,11.5,-8.9,2.6,"30",0.3675799086757991,0.7990867579908676
"2025","Jackson, Luke","592426","Mariners","SEA","R","94.2","267","782",4.827160493827161,0.3414322250639386,"FF","4-Seam Fastball",12.8,-13.8,1,"7",18.3,6.2,-6.2,0,"0",0.7442922374429224,0.4657534246575342
"2025","Bassitt, Chris","605135","Blue Jays","TOR","R","91.5","265","2829",17.462962962962962,0.09367267585719335,"FF","4-Seam Fastball",21.5,-17.3,-4.3,"-25",11.1,5.3,-8.4,-3.1,"-37",0.03881278538812785,0.1415525114155251
"2025","Booser, Cam","592155","White Sox","CWS","L","95.5","262","571",3.5246913580246915,0.45884413309982486,"FF","4-Seam Fastball",14,-14.1,0,"0",16.1,7.3,-7.3,0,"-1",0.5114155251141552,0.4657534246575342
"2025","Romano, Jordan","605447","Phillies","PHI","R","95.5","258","701",4.327160493827161,0.3680456490727532,"FF","4-Seam Fastball",12.3,-13.3,1,"8",17.9,7.3,-6.4,0.9,"14",0.7442922374429224,0.5844748858447488
"2025","Ogasawara, Shinnosuke","829272","Nationals","WSH","L","91.1","257","674",4.160493827160494,0.38130563798219586,"FF","4-Seam Fastball",16.7,-16.9,0.2,"1",16.4,6.9,-7.6,-0.7,"-10",0.5662100456621004,0.3949771689497717
"2025","Blewett, Scott","656240","Orioles","BAL","R","93.4","256","711",4.388888888888889,0.360056258790436,"FF","4-Seam Fastball",16.7,-14.1,-2.6,"-18",14.7,5.3,-6.5,-1.1,"-18",0.1232876712328767,0.3378995433789954
"2025","Reynolds, Sean","669308","Padres","SD","R","96","256","494",3.049382716049383,0.5182186234817814,"FF","4-Seam Fastball",13.1,-12.6,-0.5,"-4",16.9,10.1,-5.8,4.4,"76",0.410958904109589,0.9337899543378996
"2025","Scott, Tayler","605463","Astros","HOU","R","92","256","536",3.308641975308642,0.47761194029850745,"FF","4-Seam Fastball",22.3,-19.4,-3,"-15",10.3,14.5,-11.4,3.1,"27",0.091324200913242,0.8561643835616438
"2025","Quintana, Jose","500779","Brewers","MIL","L","90.4","254","2174",13.419753086419753,0.11683532658693652,"FF","4-Seam Fastball",17.5,-17,-0.6,"-3",16,4.5,-7.2,-2.7,"-38",0.3904109589041096,0.18493150684931506
"2025","Dana, Caden","702674","Angels","LAA","R","94.9","253","562",3.4691358024691357,0.4501779359430605,"FF","4-Seam Fastball",14.6,-14.2,-0.4,"-3",15.9,10.7,-7.1,3.6,"50",0.4360730593607306,0.8926940639269406
"2025","Webb, Logan","657277","Giants","SF","R","92.8","253","3282",20.25925925925926,0.07708714198659354,"FF","4-Seam Fastball",20.9,-17.5,-3.5,"-20",10.7,9,-9.6,-0.6,"-6",0.0730593607305936,0.4063926940639269
"2025","Rutledge, Jackson","671131","Nationals","WSH","R","95.6","250","1339",8.265432098765432,0.18670649738610903,"FF","4-Seam Fastball",14.7,-13.8,-0.8,"-6",15.4,10.5,-7,3.5,"50",0.3584474885844749,0.8881278538812786
"2025","Banda, Anthony","607455","Dodgers","LAD","L","95.9","249","1065",6.574074074074074,0.23380281690140844,"FF","4-Seam Fastball",15.2,-14.7,-0.6,"-4",14.5,10.1,-8.4,1.7,"21",0.3904109589041096,0.6963470319634704
"2025","Ginkel, Kevin","656464","D-backs","AZ","R","94.9","248","491",3.0308641975308643,0.505091649694501,"FF","4-Seam Fastball",14.7,-13.2,-1.5,"-11",15.7,9,-5.9,3,"52",0.24429223744292236,0.8447488584474886
"2025","Lynch IV, Daniel","663738","Royals","KC","L","94.1","247","1088",6.716049382716049,0.2270220588235294,"FF","4-Seam Fastball",16.2,-14.7,-1.5,"-10",14.8,10.2,-7.3,3,"41",0.24429223744292236,0.8447488584474886
"2025","Jacob, Alek","689690","Padres","SD","R","85.3","247","586",3.617283950617284,0.42150170648464164,"FF","4-Seam Fastball",24.7,-24.9,0.3,"1",13.3,13.4,-13.4,0,"0",0.593607305936073,0.4657534246575342
"2025","Adam, Jason","592094","Padres","SD","R","94.6","247","1087",6.709876543209877,0.22723091076356947,"FF","4-Seam Fastball",12.1,-13.8,1.7,"12",18.7,8.1,-6.4,1.7,"27",0.8721461187214612,0.6963470319634704
"2025","Oviedo, Johan","670912","Pirates","PIT","R","95.5","246","665",4.104938271604938,0.3699248120300752,"FF","4-Seam Fastball",14.8,-14.6,-0.3,"-2",15.2,5.9,-8.6,-2.7,"-31",0.4634703196347032,0.18493150684931506
"2025","Javier, Cristian","664299","Astros","HOU","R","92.9","245","617",3.808641975308642,0.39708265802269044,"FF","4-Seam Fastball",13.5,-15.9,2.4,"15",18.5,4.8,-7.9,-3.1,"-40",0.9474885844748858,0.1415525114155251
"2025","Gonsolin, Tony","664062","Dodgers","LAD","R","93.5","245","609",3.759259259259259,0.40229885057471265,"FF","4-Seam Fastball",14.9,-15,0.1,"1",16.6,10.1,-7.3,2.9,"39",0.547945205479452,0.8287671232876712
"2025","Bowlan, Jonathan","680742","Royals","KC","R","95.5","243","727",4.487654320987654,0.3342503438789546,"FF","4-Seam Fastball",12.4,-13.5,1,"8",17.7,8,-6.7,1.3,"19",0.7442922374429224,0.6461187214611872
"2025","Pressly, Ryan","519151","Cubs","CHC","R","93.4","243","661",4.080246913580247,0.367624810892587,"FF","4-Seam Fastball",15.3,-15.2,-0.1,"-1",16,0.2,-7.3,-7.5,"-103",0.4977168949771689,0.00684931506849315
"2025","Lively, Ben","594902","Guardians","CLE","R","89.8","239","719",4.438271604938271,0.33240611961057026,"FF","4-Seam Fastball",17.4,-19.4,2,"10",16.5,9.2,-8.8,0.4,"5",0.9018264840182648,0.5068493150684932
"2025","Soriano, José","667755","Angels","LAA","R","97.9","239","2784",17.185185185185187,0.08584770114942529,"FF","4-Seam Fastball",15.3,-12.9,-2.4,"-19",13.3,8.5,-7.7,0.8,"10",0.136986301369863,0.5662100456621004
"2025","Ohl, Pierson","701487","Twins","MIN","R","91.9","238","544",3.3580246913580245,0.4375,"FF","4-Seam Fastball",14.1,-15.9,1.8,"12",18.4,9.4,-7.2,2.1,"30",0.8812785388127854,0.7442922374429224
"2025","Cavalli, Cade","676917","Nationals","WSH","R","97.1","233","788",4.864197530864198,0.2956852791878173,"FF","4-Seam Fastball",13.9,-12.9,-1,"-8",15.1,4.3,-7,-2.7,"-38",0.3242009132420091,0.18493150684931506
"2025","Garcia, Rico","670329","Orioles","BAL","R","95.5","231","586",3.617283950617284,0.39419795221843,"FF","4-Seam Fastball",10.6,-14.3,3.7,"26",19.7,9.1,-7.5,1.6,"21",0.997716894977169,0.682648401826484
"2025","Meyer, Max","676974","Marlins","MIA","R","95","231","1039",6.41358024691358,0.22232916265640038,"FF","4-Seam Fastball",15,-14.7,-0.3,"-2",15.4,9.1,-7.8,1.3,"16",0.4634703196347032,0.6461187214611872
"2025","Vasil, Mike","678024","White Sox","CWS","R","94.6","231","1646",10.160493827160494,0.14034021871202917,"FF","4-Seam Fastball",17.7,-14.7,-2.9,"-20",12.9,6.3,-7.5,-1.2,"-16",0.10273972602739725,0.3333333333333333
"2025","Banks, Tanner","621383","Phillies","PHI","L","92.7","230","1084",6.691358024691358,0.21217712177121772,"FF","4-Seam Fastball",17.4,-15.1,-2.3,"-15",14.5,2.3,-6.8,-4.5,"-66",0.1552511415525114,0.07077625570776255
"2025","Bieber, Shane","669456","Blue Jays","TOR","R","92.6","230","645",3.9814814814814814,0.35658914728682173,"FF","4-Seam Fastball",14.4,-15.8,1.4,"9",17.8,9.9,-7.5,2.4,"32",0.8378995433789954,0.7808219178082192
"2025","Rocker, Kumar","677958","Rangers","TEX","R","95.8","228","1127",6.95679012345679,0.2023070097604259,"FF","4-Seam Fastball",18.3,-14.2,-4.2,"-29",11.6,11.1,-8,3.1,"39",0.0410958904109589,0.8561643835616438
"2025","Cortes, Nestor","641482","Padres","SD","L","90.1","228","599",3.697530864197531,0.3806343906510851,"FF","4-Seam Fastball",14.6,-17.1,2.5,"15",19.3,4.5,-7.3,-2.8,"-39",0.95662100456621,0.17579908675799086
"2025","Messick, Parker","800048","Guardians","CLE","L","92.8","225","625",3.8580246913580245,0.36,"FF","4-Seam Fastball",15.1,-15.9,0.8,"5",16.7,4.2,-7.8,-3.6,"-46",0.6917808219178082,0.1050228310502283
"2025","Neris, Héctor","593576","Astros","HOU","R","92.4","225","548",3.382716049382716,0.41058394160583944,"FF","4-Seam Fastball",14.6,-15.7,1.1,"7",17.8,8.3,-7.4,0.9,"13",0.769406392694064,0.5844748858447488
"2025","Zerpa, Angel","672582","Royals","KC","L","96.2","224","1099",6.783950617283951,0.20382165605095542,"FF","4-Seam Fastball",18,-16.2,-1.9,"-12",11.6,9.6,-10.7,-1.1,"-10",0.1963470319634703,0.3378995433789954
"2025","Johnson, Pierce","572955","Braves","ATL","R","95.3","223","968",5.9753086419753085,0.2303719008264463,"FF","4-Seam Fastball",14.7,-14.5,-0.2,"-1",15.6,11.1,-7.6,3.4,"45",0.4863013698630137,0.8789954337899544
"2025","Houser, Adrian","605288","Rays","TB","R","95.2","221","1892",11.679012345679013,0.11680761099365751,"FF","4-Seam Fastball",15.3,-14,-1.3,"-9",15,10.7,-7.3,3.4,"47",0.273972602739726,0.8789954337899544
"2025","Thornton, Trent","663423","Mariners","SEA","R","94.4","217","656",4.049382716049383,0.3307926829268293,"FF","4-Seam Fastball",14.7,-15.6,0.9,"6",15.9,3.6,-8.5,-4.9,"-58",0.7328767123287672,0.0547945205479452
"2025","Olson, Reese","681857","Tigers","DET","R","94.3","213","1159",7.154320987654321,0.18377911993097498,"FF","4-Seam Fastball",15.7,-14.9,-0.7,"-5",15.2,9.6,-7.7,1.9,"25",0.3675799086757991,0.723744292237443
"2025","Kranick, Max","668820","Mets","NYM","R","95.5","209","529",3.265432098765432,0.3950850661625709,"FF","4-Seam Fastball",12.9,-13.8,0.8,"6",17.2,3,-7.1,-4.2,"-59",0.6917808219178082,0.0821917808219178
"2025","Fernandez, Ryan","681676","Cardinals","STL","R","95.2","198","524",3.234567901234568,0.37786259541984735,"FF","4-Seam Fastball",12.9,-14.2,1.3,"9",17.4,8.2,-7.3,0.9,"12",0.815068493150685,0.5844748858447488
"2025","Martin, Chris","455119","Rangers","TEX","R","94.7","197","638",3.9382716049382718,0.30877742946708464,"FF","4-Seam Fastball",15.8,-14,-1.9,"-13",14.9,7.5,-6.8,0.8,"11",0.1963470319634703,0.5662100456621004
"2025","Hoglund, Gunnar","680684","Athletics","ATH","R","93.6","196","547",3.376543209876543,0.3583180987202925,"FF","4-Seam Fastball",12.9,-14.1,1.2,"9",18.6,7.2,-6.4,0.8,"12",0.7922374429223744,0.5662100456621004
"2025","Arrighetti, Spencer","681293","Astros","HOU","R","93.1","196","618",3.814814814814815,0.31715210355987056,"FF","4-Seam Fastball",16.8,-17.2,0.3,"2",15,13,-10.1,2.9,"28",0.593607305936073,0.8287671232876712
"2025","Walker, Taijuan","592836","Phillies","PHI","R","92.2","195","2061",12.722222222222221,0.09461426491994178,"FF","4-Seam Fastball",15.1,-15.1,0,"0",17.2,9.1,-6.5,2.6,"39",0.5114155251141552,0.7990867579908676
"2025","Adams, Travis","701519","Twins","MIN","R","94.8","195","663",4.092592592592593,0.29411764705882354,"FF","4-Seam Fastball",15.1,-14.6,-0.5,"-4",15.3,5.3,-7.4,-2.2,"-29",0.410958904109589,0.23059360730593606
"2025","Herrin, Tim","682120","Guardians","CLE","L","94.7","195","750",4.62962962962963,0.26,"FF","4-Seam Fastball",17.8,-14.8,-3,"-21",12.6,8.1,-7.7,0.4,"5",0.091324200913242,0.5068493150684932
"2025","Jax, Griffin","643377","Rays","TB","R","97","195","1093",6.746913580246914,0.17840805123513268,"FF","4-Seam Fastball",12.6,-14,1.3,"10",16.4,5.8,-8.4,-2.6,"-31",0.815068493150685,0.19863013698630136
"2025","Kelly, Michael","547184","Athletics","ATH","R","95.8","191","658",4.061728395061729,0.29027355623100304,"FF","4-Seam Fastball",15.1,-14.1,-0.9,"-7",14.7,5.6,-7.5,-1.8,"-25",0.3356164383561644,0.2579908675799087
"2025","Clarke, Taylor","664199","Royals","KC","R","94.8","189","865",5.339506172839506,0.2184971098265896,"FF","4-Seam Fastball",13.5,-14.3,0.8,"6",17,6.8,-7.1,-0.3,"-5",0.6917808219178082,0.4315068493150685
"2025","Dubin, Shawn","681869","Orioles","BAL","R","94.3","187","551",3.4012345679012346,0.3393829401088929,"FF","4-Seam Fastball",17,-14.8,-2.2,"-15",14,11.1,-7.4,3.7,"50",0.1643835616438356,0.8995433789954338
"2025","Ribalta, Orlando","687377","Nationals","WSH","R","96.4","186","501",3.0925925925925926,0.3712574850299401,"FF","4-Seam Fastball",11.3,-12.9,1.6,"12",18.2,7.5,-6.3,1.2,"20",0.860730593607306,0.632420091324201
"2025","Darvish, Yu","506433","Padres","SD","R","93.9","185","1157",7.1419753086419755,0.1598962834917891,"FF","4-Seam Fastball",16.8,-16.1,-0.7,"-4",14.4,11,-8.9,2,"23",0.3675799086757991,0.730593607305936
"2025","Fisher, Braydon","680755","Blue Jays","TOR","R","95.5","184","833",5.1419753086419755,0.22088835534213686,"FF","4-Seam Fastball",12.4,-14,1.6,"11",17.7,4.9,-6.8,-1.9,"-28",0.860730593607306,0.2534246575342466
"2025","Faucher, Calvin","676534","Marlins","MIA","R","96","184","1054",6.506172839506172,0.174573055028463,"FF","4-Seam Fastball",14.4,-14.8,0.4,"3",15.4,7.7,-8.4,-0.7,"-8",0.6118721461187214,0.3949771689497717
"2025","Wesneski, Hayden","669713","Astros","HOU","R","93.8","182","508",3.1358024691358026,0.35826771653543305,"FF","4-Seam Fastball",17.4,-14.5,-2.8,"-20",13.8,6.3,-7,-0.6,"-9",0.10730593607305935,0.4063926940639269
"2025","Murphy, Chris","669684","Red Sox","BOS","L","94.3","182","569",3.5123456790123457,0.31985940246045697,"FF","4-Seam Fastball",13.9,-15.3,1.4,"9",17,5.6,-8.1,-2.4,"-30",0.8378995433789954,0.21689497716894976
"2025","Slaten, Justin","686580","Red Sox","BOS","R","96.7","180","499",3.080246913580247,0.36072144288577157,"FF","4-Seam Fastball",11,-13.1,2.1,"16",18.4,2.1,-7.2,-5.1,"-71",0.910958904109589,0.04794520547945205
"2025","Montas, Frankie","593423","Mets","NYM","R","95.6","178","708",4.37037037037037,0.2514124293785311,"FF","4-Seam Fastball",14.1,-14.2,0.1,"1",15.8,4.9,-7.5,-2.6,"-34",0.547945205479452,0.19863013698630136
"2025","Hall, DL","669084","Brewers","MIL","L","94.2","175","588",3.6296296296296298,0.2976190476190476,"FF","4-Seam Fastball",15.2,-15.1,0,"0",15.8,6.9,-8,-1.1,"-13",0.5114155251141552,0.3378995433789954
"2025","Feltner, Ryan","663372","Rockies","COL","R","93.6","174","522",3.2222222222222223,0.3333333333333333,"FF","4-Seam Fastball",19.5,-15.8,-3.7,"-24",11.4,3.5,-8.2,-4.6,"-57",0.05707762557077625,0.0639269406392694
"2025","Bazardo, Eduard","660825","Mariners","SEA","R","94.8","173","1224",7.555555555555555,0.14133986928104575,"FF","4-Seam Fastball",14.4,-15.1,0.7,"5",16.2,8.2,-8.2,0.1,"1",0.6689497716894978,0.4817351598173516
"2025","Orze, Eric","679358","Rays","TB","R","93.9","172","681",4.203703703703703,0.2525697503671072,"FF","4-Seam Fastball",14.2,-14.5,0.3,"2",16.9,10.2,-7,3.1,"44",0.593607305936073,0.8561643835616438
"2025","Winn, Cole","668390","Rangers","TEX","R","96.2","171","619",3.8209876543209877,0.2762520193861066,"FF","4-Seam Fastball",13.5,-14.1,0.6,"4",16.2,6.9,-8.3,-1.3,"-16",0.6484018264840182,0.3264840182648402
"2025","Milner, Hoby","571948","Rangers","TEX","L","87.9","171","1157",7.1419753086419755,0.14779602420051857,"FF","4-Seam Fastball",29.4,-26.1,-3.3,"-13",6.5,15.3,-11.4,3.8,"33",0.07990867579908675,0.910958904109589
"2025","Carrasco, Carlos","471911","Braves","ATL","R","91.4","164","779",4.808641975308642,0.21052631578947367,"FF","4-Seam Fastball",20.8,-16,-4.7,"-30",11.9,5.4,-7,-1.6,"-23",0.0273972602739726,0.2808219178082192
"2025","Cabrera, Génesis","650893","Twins","MIN","L","95.7","163","715",4.41358024691358,0.22797202797202798,"FF","4-Seam Fastball",13.3,-14.3,1,"7",16.7,8.4,-7.6,0.8,"11",0.7442922374429224,0.5662100456621004
"2025","Lucchesi, Joey","664192","Giants","SF","L","92.7","161","632",3.9012345679012346,0.254746835443038,"FF","4-Seam Fastball",17.6,-15.6,-2,"-13",14.2,5.8,-7.4,-1.6,"-22",0.18493150684931506,0.2808219178082192
"2025","Walter, Brandon","687888","Astros","HOU","L","91.8","157","814",5.0246913580246915,0.1928746928746929,"FF","4-Seam Fastball",20.4,-16.5,-3.9,"-23",12.1,10,-7.7,2.3,"29",0.04794520547945205,0.7671232876712328
"2025","Agnos, Zach","688642","Rockies","COL","R","95.8","155","527",3.253086419753086,0.29411764705882354,"FF","4-Seam Fastball",14.9,-14.2,-0.7,"-5",14.7,8.2,-7.5,0.6,"8",0.3675799086757991,0.5365296803652968
"2025","Cruz, Fernando","518585","Yankees","NYY","R","93.9","153","792",4.888888888888889,0.19318181818181818,"FF","4-Seam Fastball",13.7,-14.4,0.7,"5",17.5,6,-6.9,-1,"-14",0.6689497716894978,0.3538812785388128
"2025","Wilson, Bryse","669060","White Sox","CWS","R","92.6","151","854",5.271604938271605,0.17681498829039813,"FF","4-Seam Fastball",16.3,-15.3,-0.9,"-6",15.8,8.1,-7.1,1,"14",0.3356164383561644,0.6141552511415526
"2025","Holmes, Clay","605280","Mets","NYM","R","93.2","150","2764",17.061728395061728,0.05426917510853835,"FF","4-Seam Fastball",17.9,-14.8,-3.1,"-21",13.7,6.7,-6.8,-0.1,"-2",0.08904109589041095,0.4383561643835616
"2025","Eflin, Zach","621107","Orioles","BAL","R","92","149","1127",6.95679012345679,0.13220940550133098,"FF","4-Seam Fastball",20.9,-16.6,-4.4,"-26",11.4,9.8,-8,1.8,"22",0.0365296803652968,0.7123287671232876
"2025","Evans, Logan","688138","Mariners","SEA","R","92.8","147","1338",8.25925925925926,0.10986547085201794,"FF","4-Seam Fastball",20.5,-15.6,-4.9,"-32",11.4,13.3,-7.7,5.7,"74",0.02511415525114155,0.9771689497716894
"2025","Englert, Mason","669438","Rays","TB","R","93.9","147","724",4.469135802469136,0.20303867403314918,"FF","4-Seam Fastball",14.4,-14.9,0.5,"4",16.6,7.9,-7.3,0.6,"8",0.6232876712328768,0.5365296803652968
"2025","Gage, Matt","657424","Giants","SF","L","92.5","146","531",3.2777777777777777,0.2749529190207156,"FF","4-Seam Fastball",17,-14.9,-2.2,"-15",14.9,0.2,-6.5,-6.3,"-97",0.1643835616438356,0.02511415525114155
"2025","Kahnle, Tommy","592454","Tigers","DET","R","93.5","145","1035",6.388888888888889,0.14009661835748793,"FF","4-Seam Fastball",14.7,-15.1,0.4,"2",16.6,6.5,-7.4,-0.8,"-11",0.6118721461187214,0.3835616438356164
"2025","Boushley, Caleb","676961","Rangers","TEX","R","91.9","144","742",4.580246913580247,0.1940700808625337,"FF","4-Seam Fastball",15.9,-16.1,0.1,"1",16.5,5.5,-7.6,-2,"-27",0.547945205479452,0.2465753424657534
"2025","Teng, Kai-Wei","678906","Giants","SF","R","93.2","143","573",3.537037037037037,0.24956369982547993,"FF","4-Seam Fastball",18.5,-16.1,-2.4,"-15",13,8.7,-8.2,0.4,"5",0.136986301369863,0.5068493150684932
"2025","Coulombe, Danny","543056","Rangers","TEX","L","90.3","141","719",4.438271604938271,0.19610570236439498,"FF","4-Seam Fastball",18.8,-16.5,-2.3,"-14",14.6,0.2,-6.8,-6.6,"-97",0.1552511415525114,0.0136986301369863
"2025","Yarbrough, Ryan","642232","Yankees","NYY","L","88.3","141","1017",6.277777777777778,0.13864306784660768,"FF","4-Seam Fastball",24.7,-19.2,-5.5,"-29",10.7,14.9,-7.8,7.1,"91",0.01598173515981735,0.9954337899543378
"2025","Richardson, Lyon","680689","Reds","CIN","R","95.7","138","674",4.160493827160494,0.20474777448071216,"FF","4-Seam Fastball",15.3,-15.3,-0.1,"0",14.6,9.9,-9,0.9,"9",0.4977168949771689,0.5844748858447488
"2025","Seymour, Carson","693313","Giants","SF","R","96.8","137","621",3.8333333333333335,0.22061191626409019,"FF","4-Seam Fastball",14.8,-13.2,-1.6,"-12",14.4,8.1,-7.3,0.8,"11",0.23059360730593606,0.5662100456621004
"2025","Trivino, Lou","642152","Phillies","PHI","R","94.8","132","841",5.191358024691358,0.15695600475624258,"FF","4-Seam Fastball",16.1,-14.2,-1.9,"-13",14.3,8.4,-7.1,1.3,"19",0.1963470319634703,0.6461187214611872
"2025","Holton, Tyler","663947","Tigers","DET","L","92","131","1159",7.154320987654321,0.11302847282139776,"FF","4-Seam Fastball",15.9,-15.8,-0.1,"-1",16.4,6,-7.2,-1.2,"-16",0.4977168949771689,0.3333333333333333
"2025","Shugart, Chase","663767","Pirates","PIT","R","95.4","130","692",4.271604938271605,0.18786127167630057,"FF","4-Seam Fastball",15.2,-14.9,-0.3,"-2",14.9,6.9,-8.3,-1.4,"-17",0.4634703196347032,0.3127853881278539
"2025","Chafin, Andrew","605177","Angels","LAA","L","89.5","130","614",3.7901234567901234,0.21172638436482086,"FF","4-Seam Fastball",18,-16.3,-1.7,"-11",16.4,8.5,-5.9,2.6,"44",0.21232876712328766,0.7990867579908676
"2025","Lee, Chase","695445","Tigers","DET","R","89.5","127","600",3.7037037037037037,0.21166666666666667,"FF","4-Seam Fastball",27.8,-27.9,0.1,"0",6.1,4.4,-7.6,-3.2,"-42",0.547945205479452,0.13013698630136986
"2025","Alexander, Jason","669920","Astros","HOU","R","91.9","126","1252",7.728395061728395,0.10063897763578275,"FF","4-Seam Fastball",20.6,-16.1,-4.6,"-28",11.9,13.6,-7.5,6.1,"82",0.03424657534246575,0.9840182648401826
"2025","Soriano, George","666277","Marlins","MIA","R","96","123","692",4.271604938271605,0.1777456647398844,"FF","4-Seam Fastball",16,-14.6,-1.4,"-10",13.8,8.5,-8.4,0.1,"1",0.2579908675799087,0.4817351598173516
"2025","Brazobán, Huascar","623211","Mets","NYM","R","96.5","121","1011",6.2407407407407405,0.11968348170128586,"FF","4-Seam Fastball",15.2,-14.6,-0.6,"-4",14.5,11.1,-8.5,2.6,"31",0.3904109589041096,0.7990867579908676
"2025","Hill, Tim","657612","Yankees","NYY","L","89.9","121","899",5.549382716049383,0.13459399332591768,"FF","4-Seam Fastball",31.6,-30.5,-1.1,"-3",2.7,18,-15,2.9,"20",0.319634703196347,0.8287671232876712
"2025","Salazar, Eduardo","674285","Nationals","WSH","R","95.3","119","545",3.3641975308641974,0.21834862385321102,"FF","4-Seam Fastball",16.8,-14.2,-2.7,"-19",13.3,10.7,-7.5,3.2,"43",0.11187214611872145,0.863013698630137
"2025","Bummer, Aaron","607481","Braves","ATL","L","91.6","117","932",5.753086419753086,0.1255364806866953,"FF","4-Seam Fastball",21.6,-18.2,-3.4,"-19",11,8.4,-9.4,-1,"-11",0.07534246575342465,0.3538812785388128
"2025","Waddell, Brandon","663399","Mets","NYM","L","90.7","116","512",3.1604938271604937,0.2265625,"FF","4-Seam Fastball",18,-16.3,-1.7,"-10",15.4,3.3,-6.8,-3.5,"-51",0.21232876712328766,0.11187214611872145
"2025","Mazur, Adam","800049","Marlins","MIA","R","94.8","116","489",3.0185185185185186,0.23721881390593047,"FF","4-Seam Fastball",12.1,-14.5,2.4,"17",18.6,3.9,-7.3,-3.4,"-47",0.9474885844748858,0.12100456621004566
"2025","Kelly, Zack","677161","Red Sox","BOS","R","96.1","115","581",3.5864197530864197,0.19793459552495696,"FF","4-Seam Fastball",14.8,-13.8,-1,"-7",15,9.5,-7.7,1.7,"23",0.3242009132420091,0.6963470319634704
"2025","Hanifee, Brenan","669724","Tigers","DET","R","96.1","114","946",5.839506172839506,0.12050739957716702,"FF","4-Seam Fastball",18.7,-14.8,-3.8,"-26",11,11.7,-8.7,3,"35",0.05251141552511415,0.8447488584474886
"2025","Cano, Yennier","666974","Orioles","BAL","R","94.9","113","986",6.08641975308642,0.11460446247464504,"FF","4-Seam Fastball",23.1,-15.7,-7.4,"-47",7.4,13.7,-9.1,4.5,"50",0,0.9452054794520548
"2025","Sauer, Matt","669422","Dodgers","LAD","R","94.2","112","512",3.1604938271604937,0.21875,"FF","4-Seam Fastball",14.6,-14.5,0,"0",16.4,5.3,-7.1,-1.8,"-26",0.5114155251141552,0.2579908675799087
"2025","Bradish, Kyle","680694","Orioles","BAL","R","94.4","112","494",3.049382716049383,0.22672064777327935,"FF","4-Seam Fastball",14.6,-13.8,-0.8,"-6",16,1.5,-6.3,-7.8,"-124",0.3584474885844749,0.0045662100456621
"2025","Hill, Jaden","677955","Rockies","COL","R","96.7","111","488",3.0123456790123457,0.22745901639344263,"FF","4-Seam Fastball",16,-14.3,-1.7,"-12",13.1,10.7,-8.2,2.5,"30",0.21232876712328766,0.7945205479452054
"2025","Hicks, Jordan","663855","Red Sox","BOS","R","97.3","111","1199",7.401234567901234,0.09257714762301918,"FF","4-Seam Fastball",15.9,-13.4,-2.5,"-19",13,10.3,-7.9,2.4,"31",0.1324200913242009,0.7808219178082192
"2025","Hart, Kyle","606996","Padres","SD","L","91.4","110","691",4.265432098765432,0.15918958031837915,"FF","4-Seam Fastball",18.6,-16.7,-1.9,"-11",14.4,8.2,-7.7,0.5,"6",0.1963470319634703,0.5228310502283106
"2025","Woodford, Jake","663765","D-backs","AZ","R","93.1","108","625",3.8580246913580245,0.1728,"FF","4-Seam Fastball",18.4,-16.8,-1.5,"-9",13.1,6.2,-9,-2.8,"-31",0.24429223744292236,0.17579908675799086
"2025","Cleavinger, Garrett","664076","Rays","TB","L","97.1","107","874",5.395061728395062,0.12242562929061784,"FF","4-Seam Fastball",13.4,-14.7,1.3,"9",15.6,8.1,-9.2,-1.1,"-12",0.815068493150685,0.3378995433789954
"2025","Ferrer, Jose A.","678606","Nationals","WSH","L","97.9","106","1208",7.45679012345679,0.08774834437086093,"FF","4-Seam Fastball",20.6,-13.6,-7.1,"-52",8.1,16.5,-8.2,8.4,"102",0.00228310502283105,1
"2025","DeSclafani, Anthony","543101","D-backs","AZ","R","93.9","106","634",3.9135802469135803,0.167192429022082,"FF","4-Seam Fastball",15.9,-15.3,-0.6,"-4",15.4,12.3,-7.9,4.4,"56",0.3904109589041096,0.9337899543378996
"2025","Herget, Jimmy","623474","Rockies","COL","R","92.9","101","1281",7.907407407407407,0.07884465261514442,"FF","4-Seam Fastball",23.4,-19.8,-3.6,"-18",8,13.2,-12.6,0.6,"4",0.0639269406392694,0.5365296803652968
"2025","Schmidt, Clarke","657376","Yankees","NYY","R","94.2","100","1226",7.567901234567901,0.08156606851549755,"FF","4-Seam Fastball",15.2,-15.2,0,"0",15.6,5.2,-7.7,-2.5,"-33",0.5114155251141552,0.20776255707762556
"2025","Phillips, Tyler","663969","Marlins","MIA","R","94.6","99","1114",6.8765432098765435,0.08886894075403949,"FF","4-Seam Fastball",20.7,-14.5,-6.2,"-43",9.9,5.9,-7.3,-1.4,"-19",0.0091324200913242,0.3127853881278539
"2025","McLean, Nolan","690997","Mets","NYM","R","95.8","98","739",4.561728395061729,0.13261163734776726,"FF","4-Seam Fastball",16.3,-15.2,-1.2,"-8",13.7,9.8,-9,0.8,"9",0.2990867579908676,0.5662100456621004
"2025","Gilbert, Tyler","656457","White Sox","CWS","L","90.6","98","839",5.179012345679013,0.11680572109654351,"FF","4-Seam Fastball",22.6,-19.7,-2.9,"-15",10.9,10.2,-11.1,-0.9,"-8",0.10273972602739725,0.3744292237442922
"2025","Ureña, José","570632","Angels","LAA","R","96.3","95","934",5.765432098765432,0.10171306209850108,"FF","4-Seam Fastball",17.7,-14.5,-3.2,"-22",12,13.9,-8.3,5.6,"67",0.0867579908675799,0.9748858447488584
"2025","Hamilton, Ian","641656","Yankees","NYY","R","95.4","90","641",3.95679012345679,0.14040561622464898,"FF","4-Seam Fastball",15.2,-14.7,-0.5,"-4",15,10.2,-8.1,2.2,"27",0.410958904109589,0.7534246575342466
"2025","Junis, Jakob","596001","Guardians","CLE","R","91.2","89","1032",6.37037037037037,0.08624031007751938,"FF","4-Seam Fastball",19.6,-17,-2.6,"-15",13.2,4.8,-7.9,-3.1,"-39",0.1232876712328767,0.1415525114155251
"2025","Gibson, Cade","806188","Marlins","MIA","L","92","88","908",5.604938271604938,0.09691629955947137,"FF","4-Seam Fastball",19.9,-16,-3.9,"-24",12.4,8.8,-7.5,1.3,"17",0.04794520547945205,0.6461187214611872
"2025","Crismatt, Nabil","622503","D-backs","AZ","R","89.1","87","534",3.2962962962962963,0.16292134831460675,"FF","4-Seam Fastball",19.8,-17.8,-2,"-11",14.7,8.9,-6.7,2.2,"33",0.18493150684931506,0.7534246575342466
"2025","Kittredge, Andrew","552640","Cubs","CHC","R","94.7","81","768",4.7407407407407405,0.10546875,"FF","4-Seam Fastball",14.2,-14.2,0,"0",16.2,2.7,-7.1,-4.4,"-62",0.5114155251141552,0.07534246575342465
"2025","Bivens, Spencer","702352","Giants","SF","R","95.2","81","1294",7.987654320987654,0.062596599690881,"FF","4-Seam Fastball",16.4,-13.8,-2.6,"-19",13.8,7.5,-6.7,0.8,"12",0.1232876712328767,0.5662100456621004
"2025","Castillo, José","620454","Orioles","BAL","L","93.3","81","543",3.3518518518518516,0.14917127071823205,"FF","4-Seam Fastball",18.2,-14.9,-3.3,"-22",13.2,6.4,-7.1,-0.7,"-10",0.07990867579908675,0.3949771689497717
"2025","Wolfram, Grant","664991","Orioles","BAL","L","95.5","79","520",3.2098765432098766,0.1519230769230769,"FF","4-Seam Fastball",16.1,-13.9,-2.2,"-16",13.9,4.4,-6.9,-2.5,"-37",0.1643835616438356,0.20776255707762556
"2025","Soto, Gregory","642397","Mets","NYM","L","97.2","73","1031",6.364197530864198,0.07080504364694472,"FF","4-Seam Fastball",15.8,-13.4,-2.4,"-18",13.3,11.1,-7.8,3.3,"42",0.136986301369863,0.867579908675799
"2025","Simpson, Josh","681006","Marlins","MIA","L","94.3","72","613",3.7839506172839505,0.11745513866231648,"FF","4-Seam Fastball",17.3,-16.4,-0.9,"-5",13.6,8.8,-9.6,-0.8,"-8",0.3356164383561644,0.3835616438356164
"2025","Assad, Javier","665871","Cubs","CHC","R","92.2","71","567",3.5,0.12522045855379188,"FF","4-Seam Fastball",15.6,-15.6,0,"0",16.6,5.1,-7.1,-2,"-28",0.5114155251141552,0.2465753424657534
"2025","Hatch, Thomas","641672","Twins","MIN","R","93.3","69","586",3.617283950617284,0.11774744027303755,"FF","4-Seam Fastball",14.9,-15.5,0.7,"4",16.5,5.6,-7.7,-2.1,"-28",0.6689497716894978,0.2374429223744292
"2025","De los Santos, Yerry","660787","Yankees","NYY","R","95.2","66","590",3.6419753086419755,0.11186440677966102,"FF","4-Seam Fastball",17.4,-14.1,-3.3,"-23",13,14,-7.2,6.8,"95",0.07990867579908675,0.9908675799086758
"2025","McCullers Jr., Lance","621121","Astros","HOU","R","91.9","64","1147",7.080246913580247,0.05579773321708806,"FF","4-Seam Fastball",20.3,-17.6,-2.7,"-15",12.1,7.5,-9.3,-1.8,"-19",0.11187214611872145,0.2579908675799087
"2025","Treinen, Blake","595014","Dodgers","LAD","R","95.2","61","511",3.154320987654321,0.11937377690802348,"FF","4-Seam Fastball",16.2,-14.5,-1.7,"-12",14,9.4,-7.6,1.8,"24",0.21232876712328766,0.7123287671232876
"2025","Romero, JoJo","668941","Cardinals","STL","L","94.2","59","990",6.111111111111111,0.0595959595959596,"FF","4-Seam Fastball",18,-17,-1,"-6",12.9,10.6,-11,-0.4,"-4",0.3242009132420091,0.4223744292237443
"2025","Hurter, Brant","676428","Tigers","DET","L","92.1","55","1052",6.493827160493828,0.05228136882129278,"FF","4-Seam Fastball",21.9,-15.9,-6,"-38",10.3,4.1,-7.4,-3.3,"-45",0.01141552511415525,0.1278538812785388
"2025","Thompson, Ryan","657044","D-backs","AZ","R","91.1","50","650",4.012345679012346,0.07692307692307693,"FF","4-Seam Fastball",26,-23.5,-2.5,"-11",7,9.4,-12.8,-3.4,"-27",0.1324200913242009,0.12100456621004566
"2025","Kelly, Kevin","687330","Rays","TB","R","92.2","47","588",3.6296296296296298,0.07993197278911565,"FF","4-Seam Fastball",21.7,-19.9,-1.8,"-9",10.4,10.4,-12,-1.7,"-14",0.20776255707762556,0.2694063926940639
"2025","Houck, Tanner","656557","Red Sox","BOS","R","95","44","749",4.6234567901234565,0.05874499332443257,"FF","4-Seam Fastball",20.7,-15.6,-5.1,"-33",9.7,11.7,-8.9,2.7,"31",0.02054794520547945,0.8105022831050228
"2025","Brash, Matt","666374","Mariners","SEA","R","95.8","43","822",5.074074074074074,0.052311435523114354,"FF","4-Seam Fastball",16.8,-15.2,-1.6,"-11",13,11,-9,2,"22",0.23059360730593606,0.730593607305936
"2025","Holderman, Colin","670059","Pirates","PIT","R","97","33","492",3.037037037037037,0.06707317073170732,"FF","4-Seam Fastball",15.1,-13.8,-1.3,"-9",14.2,10.8,-8.2,2.6,"32",0.273972602739726,0.7990867579908676