"last_name, first_name","player_id","year","pa","k_percent","bb_percent","woba","xwoba","sweet_spot_percent","barrel_batted_rate","hard_hit_percent","avg_best_speed","avg_hyper_speed"
"Bell, Josh",605137,2025,533,16.5,10.7,".324",".359",33.4,12,47,"102.549856474","95.682677968"
"Jankowski, Travis",608671,2025,50,24,6,".256",".248",22.9,0,34.3,"98.685423125","93.38867375"
"Baty, Brett",683146,2025,432,25,7.6,".324",".334",32.6,12.8,46.9,"102.670454406","95.715246084"
"Biggio, Cavan",624415,2025,83,25.3,13.3,".257",".303",34,4,36,"97.68916375","93.2967125"
"Mesa Jr., Victor",683748,2025,38,13.2,13.2,".288",".331",32.1,7.1,42.9,"99.99815","94.431658148"
"Sánchez, Jesús",660821,2025,497,22.1,8.5,".304",".323",30.3,11.1,43.4,"102.78171462","95.681017749"
"Bregman, Alex",608324,2025,495,14.1,10.3,".356",".337",32.9,6.6,44.4,"99.354701257","94.200430932"
"Schuemann, Max",680474,2025,213,16.4,10.3,".262",".297",34.9,2.6,32.9,"97.241612703","92.809173741"
"Vargas, Miguel",678246,2025,569,17.6,9.8,".314",".319",36.6,9.3,40.5,"99.545761182","94.110815049"
"Wilson, Will",669717,2025,91,37.4,7.7,".236",".219",28.6,2,36.7,"97.655267273","92.939904186"
"Durbin, Caleb",702332,2025,506,9.9,5.9,".319",".312",29.6,4,26.9,"96.100902887","92.05425549"
"Greene, Riley",682985,2025,655,30.7,7,".343",".335",36.9,17.1,45.5,"102.573683564","95.50996453"
"Rortvedt, Ben",666163,2025,128,18,8.6,".211",".240",23.9,3.3,19.6,"93.114169535","90.907202471"
"Baddoo, Akil",668731,2025,18,27.8,5.6,".157",".277",33.3,0,41.7,"99.63324","93.81662"
"Castellanos, Nick",592206,2025,589,22.6,5.4,".300",".302",39,7.6,34.5,"98.623467608","93.407329952"
"Taylor, Chris",621035,2025,125,33.6,4,".250",".270",38.9,6.9,36.1,"97.662010278","92.902285634"
"Davidson, Logan",669722,2025,47,46.8,6.4,".225",".198",13.6,4.5,27.3,"98.252886","93.396255789"
"Cronenworth, Jake",630105,2025,515,20.8,13.4,".333",".319",31.9,6.2,39,"99.15448481","93.790989905"
"Vierling, Matt",663837,2025,100,24,7,".278",".338",27.3,12.1,45.5,"100.691921212","95.080868939"
"Rogers, Jake",668670,2025,142,27.5,10.6,".270",".274",36.8,9.2,40.2,"98.986049302","93.778180233"
"Tauchman, Mike",643565,2025,385,22.3,11.7,".335",".321",35.6,6.8,38.8,"99.55421704","93.9989049"
"Toglia, Michael",669911,2025,337,39.2,8.3,".265",".271",38.1,10.2,43.2,"100.796186437","94.757682428"
"Ortiz, Joey",687401,2025,506,14.6,5.3,".263",".275",27.4,3,32.8,"97.991058051","93.026599357"
"McCarthy, Jake",664983,2025,222,18,4.5,".256",".286",28.2,5.3,27.6,"96.21972175","92.14488327"
"Ballesteros, Moisés",694208,2025,66,18.2,13.6,".374",".339",31.1,6.7,33.3,"99.939276087","94.363866444"
"Wilson, Jacob",805779,2025,523,7.5,5.2,".348",".304",32.2,2.2,24.7,"95.136633108","91.576810226"
"McCutchen, Andrew",457705,2025,551,21.4,12.2,".309",".333",34.5,8.3,42.5,"100.124243278","94.328514568"
"Jeffers, Ryan",680777,2025,464,19.6,10.8,".333",".325",33.5,6.3,42.1,"100.809316139","94.578274032"
"Díaz, Yandy",650490,2025,651,14.1,8.8,".364",".353",29.2,8.3,52.5,"104.837007886","97.11235376"
"Tucker, Kyle",663656,2025,597,14.7,14.6,".363",".372",37.5,10.8,40.4,"99.768677067","94.192831928"
"Busch, Michael",683737,2025,592,23.5,9.5,".369",".378",41.1,17.1,47.3,"101.692645959","95.541508831"
"Hernández, Enrique",571771,2025,256,26.6,7,".268",".287",32.9,9.4,37.6,"99.835463571","94.131469762"
"Lowe, Nathaniel",663993,2025,609,26.1,10.2,".301",".303",33.4,7,41.5,"100.389231563","94.465033629"
"DeLuca, Jonny",676356,2025,59,22,3.4,".350",".267",31.8,2.3,31.8,"97.202066364","92.618060227"
"Nimmo, Brandon",607043,2025,652,21.6,7.7,".329",".321",29.7,8.8,50.2,"102.56356141","95.897196556"
"Adell, Jo",666176,2025,573,26.4,5.8,".333",".365",35.1,17.3,50,"104.215712606","96.547484587"
"Arcia, Orlando",606115,2025,214,22,4.7,".233",".240",26.1,2.5,33.8,"98.674542078","93.369533182"
"Keith, Colt",690993,2025,468,21.8,10.3,".326",".341",41.1,9.2,43.7,"100.641926329","94.686217184"
"Pagés, Pedro",686780,2025,389,27.5,4.9,".276",".259",32.7,7.3,36.5,"99.396807402","93.764663583"
"Kaiser, Connor",663731,2025,19,26.3,5.3,".149",".239",38.5,7.7,23.1,"94.398548333","91.245205833"
"Doyle, Brenton",686668,2025,538,25.7,5.6,".282",".300",33,10.8,44.6,"101.00400956","94.812165962"
"Harris, Dustin",687957,2025,43,30.2,7,".265",".231",37,3.7,25.9,"95.675450714","91.979863333"
"Rodríguez, Johnathan",671286,2025,77,28.6,7.8,".273",".282",28.6,6.1,55.1,"103.9406876","96.875623061"
"Sosa, Edmundo",624641,2025,261,21.5,3.8,".332",".290",35.4,6.3,38,"99.677737979","93.987724064"
"Palacios, Joshua",641943,2025,145,24.8,8.3,".271",".299",29,8.6,39.8,"101.061781778","94.71795191"
"Carpenter, Kerry",681481,2025,464,22.8,3.9,".335",".335",37.4,12.5,46.8,"101.150892761","95.204968523"
"Turner, Trea",607208,2025,639,16.7,6.7,".352",".321",34.7,5.8,42.1,"100.109582645","94.284521756"
"Gilbert, Drew",687551,2025,109,18.3,6.4,".260",".270",35.8,4.9,35.8,"98.241752","93.126746875"
"Kelly, Carson",608348,2025,421,19,10.7,".332",".321",34.8,9.6,40.3,"99.757056939","94.178120819"
"Stowers, Kyle",669065,2025,457,27.4,10.5,".386",".375",38,19,52,"103.093111727","96.214876787"
"Miller, Owen",680911,2025,17,23.5,11.8,".228",".264",10,0,20,"92.43828","92.288553333"
"Polanco, Jorge",593871,2025,524,15.6,8,".350",".343",34.3,10.3,45.8,"101.532444745","95.138197245"
"Kepler, Max",596146,2025,474,19.6,10.1,".300",".332",34,11.6,44.7,"100.626033742","94.610328405"
"Thomas, Rhylan",689041,2025,10,0,10,".194",".179",11.1,0,33.3,"93.921276","91.587194444"
"Freeman, Freddie",518692,2025,627,20.4,9.6,".370",".350",36.7,10.4,45.7,"100.776056343","94.869970093"
"Loperfido, Joey",694388,2025,104,26,3.8,".381",".316",32.9,5.7,37.1,"98.535505294","93.357428824"
"Hernaiz, Darell",687231,2025,197,12.2,8.6,".266",".305",31.4,3.2,30.1,"96.82003961","92.458948824"
"Banfield, Will",677943,2025,10,60,0,".088",".151",25,0,25,"90.966405","92.41024"
"Witt Jr., Bobby",677951,2025,687,18.2,7.1,".360",".365",35.4,12.5,48.5,"103.906232271","96.610542829"
"Bart, Joey",663698,2025,332,28,12,".317",".318",35.9,10.4,43.2,"101.710723021","95.09948901"
"Veen, Zac",691728,2025,37,37.8,5.4,".193",".188",30,5,30,"98.461172222","93.739707778"
"Báez, Javier",595879,2025,437,24.9,2.3,".293",".270",30.2,5.5,39.9,"99.167878141","93.685508232"
"Moreno, Gabriel",672515,2025,309,17.2,9.4,".340",".346",39.8,7.1,43.4,"99.634329735","94.171203067"
"Varsho, Daulton",662139,2025,271,28.4,6.3,".345",".327",36.9,15.9,40.3,"101.929371512","95.29886564"
"Duran, Jarren",680776,2025,696,24.3,8.6,".335",".326",34.5,9.7,46.8,"103.158389163","96.0558783"
"Del Castillo, Adrian",680728,2025,131,35.9,6.1,".295",".269",38.7,6.7,49.3,"100.452753158","94.823214533"
"Vientos, Mark",668901,2025,463,24.8,6.5,".303",".320",33.5,11.5,50.5,"101.904334459","95.670780607"
"Caissie, Owen",683357,2025,27,40.7,3.7,".245",".232",53.3,13.3,20,"96.226985","92.584956"
"Díaz, Elias",553869,2025,283,26.1,7.4,".269",".267",30.1,7.5,38.7,"100.068601667","94.206191006"
"Teodosio, Bryce",669326,2025,150,31.3,3.3,".243",".222",23.4,4.3,26.6,"96.560468889","92.308938778"
"Urshela, Gio",570482,2025,197,20.3,6.6,".271",".286",41.7,2.1,34,"97.570132254","92.832189085"
"Thomas, Alek",677950,2025,469,26,4.5,".287",".289",27.7,7.8,39.3,"100.704408917","94.569621821"
"Bichette, Bo",666182,2025,628,14.5,6.4,".361",".353",37.9,7.9,48.8,"101.819073862","95.502667967"
"Buxton, Byron",621439,2025,542,27.3,7.6,".367",".350",32.9,17.6,53.8,"103.649870983","96.632317826"
"Tatis Jr., Fernando",665487,2025,691,18.7,12.9,".353",".370",28.9,10.9,51.8,"103.844166724","96.718358423"
"Mead, Curtis",678554,2025,264,23.9,5.7,".278",".289",33.7,4.5,34.8,"98.795073295","93.488545114"
"Julien, Edouard",666397,2025,208,29.3,10.6,".286",".329",39,12.2,42.3,"100.268172787","94.521132377"
"Massey, Michael",686681,2025,277,15.5,3.2,".254",".265",35.7,4,33,"97.791403604","92.942590407"
"Osuna, Alejandro",696030,2025,176,19.3,11.9,".270",".338",34.5,5.9,37,"100.229705172","94.226966293"
"Eaton, Nate",681987,2025,90,21.1,6.7,".322",".293",31.3,6.3,37.5,"98.736911563","93.482995873"
"Hedges, Austin",595978,2025,180,23.9,10,".239",".249",30.5,3.4,32.2,"98.538487857","93.387313929"
"Amaya, Jacob",676070,2025,73,21.9,4.1,".120",".197",22.2,0,29.6,"97.032412308","93.052247451"
"Morel, Christopher",666624,2025,305,35.7,8.2,".299",".304",33.7,14.8,49.7,"103.283549405","96.313953036"
"Marte, Starling",516782,2025,329,20.7,6.7,".326",".319",32.6,7.8,40.4,"100.870151441","94.586623167"
"Koss, Christian",683766,2025,191,23.6,4.7,".297",".311",33.6,6,33.6,"99.009245077","93.592311395"
"Happ, Ian",664023,2025,663,22.8,13.1,".333",".354",35.7,10.4,44.4,"101.384139763","95.030374418"
"Renfroe, Hunter",592669,2025,108,19.4,7.4,".219",".257",24.1,6.3,35.4,"99.1918265","93.701721646"
"Swanson, Dansby",621020,2025,645,26,7.3,".310",".345",36.9,11.7,47.8,"101.168222972","95.031771415"
"Suzuki, Seiya",673548,2025,651,25.2,10.9,".343",".352",40.2,16.6,48.7,"102.931278798","95.890233373"
"Roden, Alan",702176,2025,153,24.2,5.2,".249",".227",20.6,2,30.4,"97.826416863","92.978674653"
"Steer, Spencer",668715,2025,568,22.7,9,".316",".293",34.2,7.6,33.2,"97.843391958","93.000497056"
"Manzardo, Kyle",700932,2025,531,25.4,9,".329",".322",37.1,11.8,43.8,"100.114470588","94.531639086"
"Rushing, Dalton",687221,2025,155,37.4,6.5,".256",".283",37.2,14,45.3,"101.944263256","95.275830465"
"Dunn, Blake",694362,2025,75,33.3,10.7,".272",".304",25.7,8.6,37.1,"99.079548824","93.890402424"
"Perdomo, Geraldo",672695,2025,720,11.5,13.1,".370",".356",36.2,6.2,31.9,"97.403040156","92.774457856"
"Muncy, Max",571970,2025,388,21.4,16.5,".366",".374",37.4,13.6,51.5,"101.909755678","95.532473957"
"Campbell, Kristian",692225,2025,263,27.4,11,".299",".296",30.4,5.1,41.8,"100.531882308","94.411397756"
"Diaz, Yainer",673237,2025,567,16.8,3.5,".300",".326",34.9,9.6,42.2,"100.97744942","94.706836942"
"Johnston, Troy",687859,2025,121,21.5,6.6,".328",".341",39.5,9.3,40.7,"99.962519286","94.165047024"
"Clement, Ernie",676391,2025,588,10.4,4.6,".308",".292",37.1,2.4,26,"95.998970369","92.037389446"
"Crooks, Jimmy",699625,2025,46,37,0,".171",".223",17.9,7.1,39.3,"99.601929286","94.402205357"
"Gray, Tristan",656484,2025,86,22.1,7,".298",".349",42.6,13.1,44.3,"101.892879333","95.131409333"
"Canario, Alexander",672744,2025,234,34.2,7.3,".270",".295",35.8,12.4,43.8,"101.464192464","94.871333139"
"Canha, Mark",592192,2025,125,19.2,5.6,".244",".268",25.3,2.2,33,"97.298217826","92.70554033"
"Nuñez, Nasim",683083,2025,92,21.7,8.7,".304",".296",34.4,4.7,42.2,"98.875752581","93.964415082"
"Avans, Drew",682183,2025,18,33.3,0,".098",".153",25,0,16.7,"93.841003333","91.511944545"
"Ramos, Bryan",682868,2025,12,33.3,0,".209",".242",50,12.5,12.5,"89.441365","90.51754125"
"Matos, Luis",682641,2025,184,14.7,6,".296",".274",33.6,7.5,37.7,"98.432457397","93.368412329"
"Wood, James",695578,2025,689,32.1,12.3,".353",".361",36.3,16.3,56.3,"106.446259788","98.230447241"
"Perez, Salvador",521692,2025,641,19.5,4.4,".311",".357",35.7,14.8,46.7,"102.06590789","95.318358013"
"Correa, Carlos",621043,2025,584,19.3,7.7,".322",".338",34.6,6.8,45.9,"102.338902322","95.568245592"
"Carter, Evan",694497,2025,220,18.6,8.6,".321",".312",34,5.9,34.6,"98.081147895","93.040980197"
"Caglianone, Jac",695506,2025,232,22.4,7.8,".239",".321",29.7,12,42.4,"102.891404557","95.64711057"
"McKinney, Billy",641856,2025,21,4.8,4.8,".219",".346",42.1,0,26.3,"95.055492","91.749746316"
"Thomas, Lane",657041,2025,142,31,9.9,".235",".243",26.5,4.8,31.3,"98.390208571","93.283397831"
"Knizner, Andrew",668800,2025,88,11.4,8,".270",".278",23.2,1.4,23.2,"94.789412941","91.601198971"
"Maldonado, Martín",455117,2025,161,35.4,5,".251",".251",30.2,9.4,28.1,"97.990749545","93.002430341"
"Kennedy, Buddy",671083,2025,32,25,6.3,".132",".202",33.3,4.8,42.9,"98.293987273","93.392088571"
"Seigler, Anthony",678011,2025,73,21.9,11,".239",".305",43.8,2.1,37.5,"98.248267391","93.527252667"
"Wade, Tyler",642180,2025,127,24.4,11.8,".262",".247",28.7,0,15,"92.342291389","90.376605694"
"Young, Jacob",696285,2025,364,17.9,7.4,".264",".297",27.9,1.9,34.2,"98.260470403","93.325113441"
"Naylor, Josh",647304,2025,604,13.7,7.9,".351",".335",30.8,6.7,41.9,"100.123963879","94.317973693"
"Conine, Griffin",665052,2025,86,29.1,8.1,".318",".299",33.3,14.8,48.1,"102.12991","95.268616852"
"Abreu, Wilyer",677800,2025,417,24.2,9.6,".334",".335",31.9,12.3,44.9,"102.379878333","95.549366836"
"Cole, Zach",805904,2025,52,38.5,9.6,".373",".305",33.3,14.8,48.1,"104.956450769","96.693444615"
"Caminero, Junior",691406,2025,653,19.1,6.3,".357",".346",27.7,14,51.4,"104.467588678","96.871000041"
"Flores Jr., Rafael",804668,2025,17,41.2,11.8,".281",".361",62.5,12.5,62.5,"103.9228125","97.4230675"
"Church, Nathan",701675,2025,65,27.7,4.6,".232",".247",24.4,2.4,41.5,"98.5843615","93.85187"
"Bliss, Ryan",669208,2025,39,28.2,10.3,".268",".297",37.5,12.5,33.3,"98.429506667","93.231437917"
"Navarreto, Brian",640459,2025,15,20,0,".362",".330",25,25,66.7,"103.398066667","97.726545"
"Soto, Juan",665742,2025,715,19.2,17.8,".390",".429",32.9,18.1,55.3,"104.539509412","97.232619389"
"Westburg, Jordan",676059,2025,352,22.7,4.8,".332",".327",30.1,11.2,43.4,"101.28897176","94.91639"
"Lee, Brooks",686797,2025,527,17.5,5.9,".286",".289",30.8,5.8,38.5,"98.1525774","93.309491128"
"Heim, Jonah",641680,2025,433,20.3,7.4,".266",".276",33.3,6.1,35.9,"98.278415548","93.298205016"
"Fernández, Yanquiel",692585,2025,147,29.9,5.4,".268",".243",31.6,8.4,36.8,"99.730782766","93.889233085"
"Wynns, Austin",642851,2025,110,29.1,4.5,".365",".295",35.6,9.6,46.6,"101.397520833","95.015625972"
"Hays, Austin",669720,2025,416,25.7,7,".327",".300",31.9,10.4,38.4,"99.434684493","93.863333745"
"Triolo, Jared",669707,2025,376,20.2,10.4,".296",".310",34.4,6.2,38.2,"99.337682857","93.864443413"
"McCann, James",543510,2025,137,24.1,5.8,".328",".313",30.4,7.6,52.2,"102.050401522","95.553805275"
"Barger, Addison",680718,2025,502,24.1,7.2,".322",".331",35.5,11.4,51,"103.716706784","96.416377947"
"Benintendi, Andrew",643217,2025,470,17.4,8.5,".317",".320",35.8,11,36.9,"98.278448655","93.238830702"
"Carlson, Dylan",666185,2025,241,22.4,8.7,".273",".285",34.8,6.7,30.5,"97.553371852","92.871209136"
"Smith, Dominic",642086,2025,225,18.7,6.7,".325",".306",39.2,4.2,35.5,"97.948953012","93.092219394"
"Pham, Tommy",502054,2025,449,20.9,11.1,".308",".318",32.7,6.6,47.2,"102.224109934","95.517309701"
"Williams, Luke",663897,2025,34,26.5,2.9,".167",".230",30.4,4.3,27.3,"96.978906364","92.871979524"
"Lee, Jung Hoo",808982,2025,617,11.5,7.6,".320",".321",34.1,3.7,32,"97.154749061","92.638543988"
"Allen, Greg",656185,2025,14,35.7,0,".000",".142",11.1,0,33.3,"98.088275","93.10132625"
"d'Arnaud, Travis",518595,2025,231,32,5.6,".263",".271",34.3,11.4,37.9,"99.193355143","93.8755725"
"Marte, Ketel",606466,2025,556,14.9,11.5,".381",".390",33,13.5,47,"102.65931603","95.815528287"
"Raley, Luke",670042,2025,219,29.2,8.7,".291",".312",31.7,10.6,42.3,"101.481510339","95.137145897"
"O'Hearn, Ryan",656811,2025,544,20,10.7,".349",".343",38.2,7.6,42.5,"99.566357446","94.072133569"
"Ramírez, Agustín",682663,2025,585,19.3,6.2,".302",".332",31.1,11,47,"103.943810657","96.283585728"
"Campero, Gustavo",672569,2025,66,21.2,7.6,".277",".325",27.3,6.8,22.7,"95.820476364","92.031090233"
"Henderson, Gunnar",683002,2025,651,21,9.5,".339",".341",29.9,8.5,49.2,"102.936564389","96.031023084"
"Brooks, Trenton",670092,2025,43,30.2,4.7,".199",".255",28.6,7.1,35.7,"97.237452857","92.972148148"
"Candelario, Jeimer",600869,2025,91,31.9,9.9,".189",".213",20.8,7.5,28.3,"96.216884815","92.187747736"
"Whitcomb, Shay",694376,2025,32,31.3,0,".146",".198",27.3,4.5,18.2,"93.960595455","91.204309091"
"Yastrzemski, Mike",573262,2025,558,19.4,12.9,".321",".329",35.6,8.5,42.6,"99.919347541","94.459655315"
"Locklear, Tyler",682988,2025,116,37.1,8.6,".245",".252",18.3,6.7,41.7,"100.538864667","94.491840333"
"Sabol, Blake",666165,2025,18,38.9,5.6,".157",".208",20,10,40,"99.726132","93.863066"
"Miranda, Jose",669304,2025,36,36.1,0,".179",".205",26.1,4.3,43.5,"99.880571667","94.345161304"
"Gelof, Zack",680869,2025,101,45.5,6.9,".224",".219",35.4,12.5,47.9,"99.654851667","94.271335532"
"Hill, Derek",656537,2025,149,32.2,6,".272",".309",38.2,11.2,49.4,"102.004252619","95.738407229"
"Simpson, Chandler",802415,2025,441,9.8,4.5,".296",".297",29.8,0,17.3,"93.5904715","90.810575972"
"Trout, Mike",545361,2025,556,32,15.6,".343",".358",44.4,15.8,49.3,"103.439903451","96.179463887"
"Siani, Michael",672279,2025,19,36.8,10.5,".259",".312",30,0,20,"90.027405","91.30917125"
"Siri, Jose",642350,2025,36,47.2,11.1,".146",".205",33.3,20,33.3,"96.38954625","92.849020667"
"Barrosa, Jorge",678489,2025,77,28.6,2.6,".171",".193",26.9,0,30.8,"96.6119248","92.468888"
"Alvarez, Yordan",670541,2025,199,16.6,14.1,".338",".393",42.8,13.8,52.9,"104.636630145","97.124242246"
"Martini, Nick",605361,2025,111,16.2,8.1,".259",".253",26.2,3.6,31,"97.063985476","92.605228313"
"Gurriel Jr., Lourdes",666971,2025,546,13.9,5.7,".307",".315",37.4,7.2,38.3,"99.058751759","93.630561528"
"Rivas, Leo",660844,2025,111,21.6,18,".333",".288",33.3,3,19.7,"94.335269697","91.255144"
"Baldwin, Drake",686948,2025,446,15.2,8.5,".351",".353",33.8,11,49.6,"102.167061775","95.60419003"
"Taylor, Tyrone",621438,2025,341,22.3,4.7,".264",".298",40.6,3.8,35.1,"98.271444237","93.188807331"
"Beck, Jordan",687597,2025,588,29.6,7.3,".319",".301",36.9,9.6,38.5,"100.308269611","94.26308585"
"Salazar, César",663967,2025,16,12.5,12.5,".297",".298",36.4,0,18.2,"90.575304","90.340894444"
"Acosta, Maximo",691185,2025,61,27.9,9.8,".302",".349",37.8,13.5,56.8,"101.57518","95.931934054"
"Handley, Maverick",668974,2025,47,38.3,4.3,".106",".177",26.9,0,34.6,"96.465391667","92.232695833"
"Pederson, Joc",592626,2025,306,21.2,11.1,".276",".315",28.4,9.5,44.8,"101.989422727","95.472364192"
"Sheets, Gavin",657757,2025,545,19.6,8.1,".323",".340",38.8,9.5,46.5,"101.199157732","94.955729845"
"Winkler, Jack",676466,2025,16,25,0,".267",".201",41.7,8.3,25,"96.296288333","92.148144167"
"Burger, Jake",669394,2025,376,24.7,3.2,".295",".324",33.5,13.9,48.5,"103.175129323","95.834832632"
"Williamson, Ben",810938,2025,295,21.7,5.1,".269",".269",23.3,3.3,40.5,"99.548201226","93.912783555"
"Rodríguez, Julio",677594,2025,710,21.4,6.2,".341",".348",31.5,9.8,48,"103.7115726","96.24062626"
"Amaya, Miguel",665804,2025,103,21.4,3.9,".346",".295",38.2,6.6,32.9,"97.858989737","93.0655964"
"Crow-Armstrong, Pete",691718,2025,647,24,4.5,".323",".321",33.9,13,41.6,"100.676597945","94.609790365"
"Domínguez, Jasson",691176,2025,429,26.8,9.6,".316",".306",28.9,7,49.6,"102.212663185","95.648499111"
"Bauers, Jake",641343,2025,218,27.1,14.7,".333",".356",36,13.6,45.6,"102.321269516","95.787091138"
"Pereira, Everson",677592,2025,73,38.4,9.6,".212",".242",31.6,7.9,44.7,"100.842596842","94.782732368"
"Alcántara, Kevin",682634,2025,12,33.3,8.3,".352",".443",57.1,0,42.9,"99.630105","94.81727"
"Sanoja, Javier",691594,2025,342,12,5.6,".294",".282",31.8,1.8,35,"98.289398881","93.337097491"
"Marte, Noelvi",682622,2025,360,23.6,4.4,".321",".304",32,9,36.3,"99.982802857","94.081349283"
"Rosario, Amed",642708,2025,191,16.2,3.7,".321",".331",35.1,6,45,"101.6359032","95.1587738"
"Stanton, Giancarlo",519317,2025,281,34.2,10.3,".395",".354",35.7,22.1,55.2,"107.633614026","98.832539221"
"Hassell III, Robert",690987,2025,206,30.1,3.9,".252",".273",34.1,8.1,40.7,"99.261806818","93.737415496"
"Jung, Josh",673962,2025,511,25.2,5.3,".298",".304",39.4,8.2,46.7,"100.8140564","94.816045657"
"Hamilton, David",666152,2025,194,24.2,6.7,".260",".260",27.8,6,27.8,"97.096658438","92.584142835"
"Alvarez, Francisco",682626,2025,277,26.4,9.7,".343",".326",32.4,12.1,54.3,"103.450256092","96.632659422"
"Fletcher, Dominic",666150,2025,34,5.9,5.9,".311",".289",23.3,3.3,40,"99.682667333","94.087066333"
"Joe, Connor",656582,2025,80,25,8.8,".231",".276",38.5,5.8,36.5,"99.612808846","94.084837843"
"Straw, Myles",664702,2025,299,16.7,6.4,".299",".295",36.2,3.9,27.1,"96.079168692","92.074034626"
"Torres, Gleyber",650402,2025,628,16.1,13.5,".332",".363",38.6,8.2,39,"99.951681689","94.284674897"
"Bride, Jonah",681146,2025,125,31.2,8.8,".203",".223",28.4,2.7,28.4,"96.765093784","92.515973243"
"Noda, Ryan",676116,2025,59,42.4,18.6,".211",".245",21.7,8.7,34.8,"99.337918182","93.769506364"
"Springer, George",543807,2025,586,18.9,11.8,".408",".404",41.2,16.1,47.6,"102.436288051","95.608566256"
"Lile, Daylen",695734,2025,351,16,6,".360",".348",44.2,5.2,40.1,"99.156241493","93.671687761"
"Gorman, Nolan",669357,2025,402,33.8,11.7,".292",".296",39.3,9.1,41.1,"100.473005926","94.520283241"
"Loftin, Nick",679845,2025,188,14.4,7.4,".279",".294",35.4,6.3,34,"97.565724507","92.851372465"
"Montgomery, Colson",695657,2025,284,29.2,8.8,".355",".341",35.8,14.5,44.5,"103.036108506","95.789749711"
"Rice, Ben",700250,2025,530,18.9,9.4,".358",".394",39.3,15.4,56.1,"104.138238152","97.178139076"
"Hummel, Cooper",669450,2025,105,29.5,13.3,".268",".313",31,12.1,37.9,"100.34355","94.891784737"
"Clase, Jonatan",682729,2025,112,25,8.9,".267",".284",21.9,6.8,35.6,"98.503751471","93.279422647"
"Santander, Anthony",623993,2025,221,27.6,11.3,".255",".265",27.6,4.5,41,"100.252058507","94.331401567"
"Caballero, José",676609,2025,370,26.5,12.7,".309",".299",36.5,5.9,30.6,"97.838589423","92.958973317"
"Slater, Austin",596103,2025,160,31.9,6.9,".280",".332",41.8,14.3,48,"102.50208234","95.83755734"
"Machín, Vimael",605353,2025,12,16.7,8.3,".227",".286",33.3,11.1,33.3,"93.927468","92.441366667"
"Meyers, Jake",676694,2025,381,17.6,8.1,".323",".325",34.6,5,38.9,"99.285411377","93.81484913"
"Paredes, Isaac",670623,2025,438,17.4,11.4,".353",".320",37.2,6.3,33.6,"97.968035894","93.068434007"
"Shaw, Matt",807713,2025,437,21.5,8.7,".300",".302",35.3,6.9,29.4,"96.793366467","92.432072809"
"Hoskins, Rhys",656555,2025,328,27.7,11.6,".324",".314",39.7,10.3,46.4,"100.047500722","94.368500412"
"Urías, Luis",649966,2025,330,13.6,9.4,".293",".300",30.6,3.7,30.2,"96.770464065","92.415126898"
"Rafaela, Ceddanne",678882,2025,587,19.9,4.8,".307",".305",32.3,9.2,38.7,"99.637036837","93.97214993"
"Gonzalez, Oscar",660757,2025,61,21.3,3.3,".217",".298",34.8,6.5,45.7,"100.983558261","94.74139413"
"Waters, Drew",671221,2025,219,27.4,5,".268",".265",35.6,4.1,28.8,"97.434472083","92.746290972"
"Cortes, Carlos",666126,2025,99,20.2,3,".363",".316",36.8,9.2,44.7,"100.428924737","94.537320921"
"Vivas, Jorbit",678391,2025,66,19.7,7.6,".242",".304",32.6,4.7,37.2,"97.064059545","92.664742791"
"LeMahieu, DJ",518934,2025,142,24.6,9.9,".304",".295",28,4.3,51.6,"101.062913913","95.603953804"
"Duran, Ezequiel",677649,2025,219,25.1,3.7,".249",".247",30.3,2.6,30.9,"97.791035753","92.897366027"
"Contreras, Willson",575929,2025,563,25.2,7.8,".344",".358",37.1,13.9,49,"103.153936457","96.033080457"
"Alexander, CJ",680769,2025,17,47.1,0,".156",".181",22.2,0,11.1,"89.636234","90.093032222"
"Gasper, Mickey",681508,2025,110,18.2,9.1,".229",".236",16.9,1.3,31.2,"97.650921842","93.035443421"
"McCusker, Carson",676812,2025,30,53.3,3.3,".170",".218",15.4,7.7,30.8,"93.697048571","92.709609231"
"Lopez, Otto",672640,2025,594,13.8,7.4,".295",".330",32.5,7.1,38.3,"99.900867489","94.042562749"
"Harris II, Michael",671739,2025,641,20,2.5,".289",".315",29.6,9.1,43.4,"103.013806132","95.674311175"
"Cowser, Colton",681297,2025,360,35.6,7.5,".285",".293",32.7,14.1,46,"101.565652323","95.12341401"
"Chourio, Jackson",694192,2025,589,20.5,5.1,".328",".307",34,9.7,42.3,"101.15634963","94.875813411"
"Karros, Kyle",691720,2025,156,26.3,9.6,".268",".261",25.5,1,33.7,"97.893413061","93.025963711"
"Riley, Austin",663586,2025,447,28.6,6,".318",".330",37,15.2,50.2,"104.205844276","96.625096678"
"Feduccia, Hunter",676439,2025,105,27.6,14.3,".226",".275",31.1,8.2,32.8,"97.34747871","92.755463607"
"Kurtz, Nick",701762,2025,489,30.9,12.9,".419",".372",39,18.4,51.1,"104.041792059","96.828915978"
"Schneemann, Daniel",682177,2025,422,27.7,9,".280",".297",32.6,11.4,41.7,"99.967612231","94.233244324"
"Burleson, Alec",676475,2025,546,14.5,7.1,".346",".345",34,9.5,43,"101.386484258","95.130209592"
"Keirsey Jr., DaShawn",680577,2025,88,37.5,2.3,".142",".173",19.2,5.8,34.6,"98.1940692","93.1913766"
"Cabrera, Oswaldo",665828,2025,122,20.5,9,".286",".284",31,0,34.5,"97.700893415","93.00878321"
"Stewart, Sal",701398,2025,58,25.9,5.2,".355",".398",35,17.5,52.5,"103.545688","97.170707692"
"France, Ty",664034,2025,490,16.9,4.5,".302",".328",35.2,7.7,44.2,"100.76941467","94.788930523"
"Rodríguez, Endy",682848,2025,57,24.6,8.8,".226",".249",36.8,2.6,44.7,"99.320391053","94.658298919"
"Canzone, Dominic",686527,2025,269,21.9,7.4,".361",".376",37.4,14.4,49.7,"102.981015914","96.069596505"
"Taveras, Leody",665750,2025,180,27.8,2.8,".230",".232",27.2,6.4,35.2,"99.243581864","93.754772203"
"Gorski, Matt",685301,2025,42,38.1,2.4,".256",".253",32,12,32,"97.866259231","93.1304548"
"Hampson, Garrett",641658,2025,91,31.9,12.1,".205",".217",25.5,2,19.6,"93.03904913","90.521580435"
"Vilade, Ryan",668723,2025,15,33.3,13.3,".151",".295",25,12.5,75,"105.358295","99.62571875"
"Kingery, Scott",664068,2025,29,37.9,6.9,".182",".196",12.5,6.3,31.3,"98.784984286","93.758946429"
"De La Cruz, Bryan",650559,2025,50,36,6,".208",".245",44.8,6.9,51.7,"101.415012","95.216104483"
"Senger, Hayden",663584,2025,78,28.2,3.8,".190",".259",28.8,3.8,38.5,"99.78424","94.065760204"
"Bellinger, Cody",641355,2025,656,13.7,8.7,".347",".327",37.1,7.5,37.9,"98.690370317","93.444149405"
"Nootbaar, Lars",663457,2025,583,20.4,11,".304",".317",33,10.2,50,"101.938818418","95.520290383"
"Stevens, Chad",677060,2025,14,50,0,".136",".169",28.6,0,14.3,"91.684333333","89.925846667"
"Goodman, Hunter",696100,2025,579,26.3,5.7,".359",".324",32.8,12.8,46.9,"102.599968608","95.758645633"
"Heyward, Jason",518792,2025,95,21.1,6.3,".217",".245",22.1,4.4,33.8,"98.149889118","93.15069"
"Arenado, Nolan",571448,2025,436,11.2,6.4,".287",".289",31.5,3.9,32.6,"97.232838983","92.648981303"
"Bouchard, Sean",656248,2025,73,37,9.6,".225",".227",28.2,0,30.8,"96.339928","92.310214872"
"Trammell, Taylor",666211,2025,135,30.4,12.6,".282",".271",33.8,7.8,40.3,"100.305634865","94.610534865"
"Campusano, Luis",669134,2025,27,40.7,22.2,".154",".208",0,0,30,"96.979674","92.729879"
"Lindor, Francisco",596019,2025,732,17.9,8.9,".350",".345",34.6,8.8,44.4,"100.755824319","94.874493626"
"Kjerstad, Heston",677008,2025,167,26.9,3.6,".248",".290",40.2,8,41.1,"99.548861786","93.904868661"
"Profar, Jurickson",595777,2025,371,15.9,12.9,".346",".325",27,7.3,40.3,"99.565421094","94.049759844"
"Langford, Wyatt",694671,2025,573,26.4,12.9,".337",".346",35.9,14,48.4,"102.369966744","95.79834863"
"Alexander, Blaze",677942,2025,266,32.3,8.3,".313",".305",35.8,12.8,43.2,"100.976531667","94.769820208"
"Helman, Michael",680737,2025,110,19.1,6.4,".319",".250",24.7,8.6,24.7,"94.505061053","91.595129467"
"Schmitt, Casey",669477,2025,348,23.9,7.8,".307",".328",40.3,9,43.8,"100.706954224","94.593324009"
"Robles, Victor",645302,2025,114,22.8,2.6,".268",".237",28,4.9,23.2,"94.92896125","91.626172785"
"Tena, José",677588,2025,169,21.9,8.9,".296",".302",34.5,5.2,40.5,"99.054484464","93.921000268"
"Young, Jared",676724,2025,47,34,4.3,".301",".296",39.3,14.3,39.3,"98.880852143","93.560503571"
"Bae, Ji Hwan",678225,2025,25,36,20,".174",".268",18.2,18.2,36.4,"97.659576","92.829788"
"Hoerner, Nico",663538,2025,649,7.6,6,".324",".322",36.1,2.3,30.3,"96.704418551","92.414274628"
"Wagaman, Eric",676572,2025,514,19.5,6.2,".293",".315",34.4,6.8,46.5,"102.304067053","95.484613553"
"Ohtani, Shohei",660271,2025,727,25.7,15,".418",".425",35.9,23.5,58.7,"106.126015352","98.277186118"
"Friedl, TJ",670770,2025,685,16.8,11.8,".333",".303",33.4,2.7,32.1,"97.485236416","92.822655233"
"Wagner, Will",695238,2025,149,18.8,11.4,".280",".318",31.4,2,41.2,"98.7454226","93.4040769"
"Estrada, Thairo",642731,2025,165,15.8,3.6,".284",".264",28.2,3.1,30.5,"97.262690923","92.709620231"
"Yorke, Nick",694377,2025,72,20.8,4.2,".256",".257",25.9,1.9,38.9,"98.7823","93.529267358"
"Muncy, Max",691777,2025,220,30.9,4.5,".277",".267",33.8,10.1,32.4,"99.591026471","93.796838162"
"Reyes, Pablo",622569,2025,34,29.4,5.9,".214",".236",27.3,4.5,31.8,"96.85312","92.42656"
"Seymour, Bob",676044,2025,83,38.6,4.8,".239",".236",23.9,0,47.8,"100.880754348","94.768931304"
"Anderson, Tim",641313,2025,90,32.2,3.3,".229",".219",20,0,36.4,"97.435145185","92.993100556"
"Hinds, Rece",677956,2025,44,47.7,2.3,".177",".250",31.8,18.2,50,"102.76882","96.340739545"
"Mountcastle, Ryan",663624,2025,357,27.5,4.2,".284",".313",37.5,11.7,47.1,"101.733937167","95.313543167"
"Mervis, Matt",670223,2025,134,37.3,8.2,".274",".223",26.8,8.5,38,"99.912860833","94.214077324"
"Berti, Jon",542932,2025,107,20.6,4.7,".226",".280",30.8,2.6,37.2,"99.086163333","93.621396104"
"Thaiss, Matt",642136,2025,190,24.2,15.3,".298",".294",27.7,4.5,42.9,"99.981091636","94.296854587"
"Lukes, Nathan",664770,2025,438,13.7,8.7,".317",".315",30.8,4.7,37,"98.285858221","93.26684546"
"Keaschall, Luke",807712,2025,207,14,9.2,".363",".324",38.3,5.2,31.2,"97.107228701","92.654308562"
"Moncada, Yoán",660162,2025,289,26,11.1,".339",".324",37.1,14.3,43.4,"101.202542614","94.864336514"
"Fermin, Freddy",666023,2025,347,18.7,5.5,".280",".271",28.7,4.2,34.1,"98.499082764","93.418854228"
"Wade Jr., LaMonte",664774,2025,242,24,11.2,".241",".281",33.8,4.5,31.8,"98.244666579","93.396152434"
"Fitzgerald, Ryan",680837,2025,53,15.1,13.2,".328",".343",23.7,13.2,34.2,"98.701469444","93.402850833"
"Nido, Tomás",621512,2025,37,27,0,".314",".278",38.5,0,34.6,"97.705402308","93.0468092"
"Peguero, Liover",678894,2025,88,28.4,6.8,".281",".246",21.8,9.1,32.7,"97.231876667","92.703338148"
"Schneider, Davis",676914,2025,227,26.4,15.9,".351",".323",27.9,14,41.1,"100.329632154","94.696231395"
"Bohm, Alec",664761,2025,504,16.3,5.8,".322",".324",35.6,6.2,46.4,"100.707635803","94.852393109"
"Pozo, Yohel",650968,2025,168,13.1,4.2,".275",".276",29.5,2.2,35.3,"98.211883478","93.14336927"
"Peters, Tristan",671976,2025,12,58.3,0,".000",".146",40,0,40,"98.07012","94.042072"
"Albies, Ozzie",645277,2025,667,14.1,8.2,".295",".299",33.5,4.9,30.7,"96.947639144","92.546234163"
"Marsh, Brandon",669016,2025,425,25.9,8.9,".339",".330",39.1,8.3,46.4,"100.6056675","94.960470849"
"McCormick, Chas",676801,2025,116,26.7,7.8,".257",".299",32,5.3,29.3,"97.336296765","92.737822239"
"Dalbec, Bobby",666915,2025,21,28.6,14.3,".284",".245",25,0,25,"93.579386667","91.948094545"
"Trejo, Alan",676701,2025,43,16.3,2.3,".181",".244",17.1,8.6,28.6,"96.444043529","92.222021765"
"Hernández, Heriberto",681715,2025,294,26.2,10.5,".341",".334",29,10.9,45.4,"101.299416264","95.054874807"
"Arraez, Luis",650333,2025,675,3.1,5,".313",".303",37.1,1.1,16.7,"93.590259064","90.800701323"
"Toro, Abraham",647351,2025,284,14.8,4.9,".286",".302",32,4.5,34.2,"97.83336","92.947994955"
"O'Neill, Tyler",641933,2025,209,24.4,10.5,".297",".360",34.6,16.5,39.1,"100.510865075","94.485570376"
"Lux, Gavin",666158,2025,503,22.7,11.1,".322",".299",38.1,3.6,36.9,"97.799033473","93.010295676"
"Mastrobuoni, Miles",670156,2025,175,16.6,9.7,".282",".322",33.3,2.3,36.4,"97.996020645","93.315767967"
"Soderstrom, Tyler",691016,2025,624,22.6,8.8,".354",".341",34.4,11.4,49.8,"103.023677143","96.015814678"
"Giménez, Andrés",665926,2025,369,17.9,6.8,".269",".308",32.6,3,27.7,"96.602269237","92.349003755"
"Volpe, Anthony",683011,2025,596,25.2,7.2,".286",".301",34.6,10.5,41.9,"100.214381212","94.48835443"
"Rodgers, Brendan",663898,2025,128,35.9,8.6,".246",".296",40,14.3,48.6,"101.904707429","95.241190286"
"Kwan, Steven",680757,2025,693,8.7,7.9,".310",".310",39.7,1.9,19.3,"94.357794321","91.185631109"
"Torrens, Luis",620443,2025,283,19.8,6.7,".278",".338",35.9,10.7,48.1,"100.939072718","94.984531902"
"Tromp, Chadwick",644433,2025,22,27.3,4.5,".221",".213",26.7,6.7,40,"99.032555714","93.664829286"
"Fry, David",681807,2025,157,36.9,5.7,".258",".204",23.9,9.1,39.8,"99.144653488","93.742049535"
"Mayo, Coby",691723,2025,294,28.6,9.2,".303",".289",33,10.1,36,"99.691533371","93.857359663"
"Urías, Ramón",602104,2025,391,22.5,6.9,".292",".289",33.6,8,41.8,"99.727267941","94.199624375"
"Hernández, Teoscar",606192,2025,546,24.5,4.8,".315",".323",34,11.5,46.1,"101.752887801","95.144195209"
"Martin, Austin",668885,2025,181,17.1,12.2,".333",".345",35.4,5.5,38.6,"99.170504355","93.642009597"
"Lugo, Matthew",683090,2025,70,34.3,0,".299",".260",33.3,13.3,42.2,"100.425752174","94.652896667"
"Benson, Will",666181,2025,253,26.5,6.3,".298",".342",37.3,15.4,53.8,"102.907826588","96.242418757"
"Bruján, Vidal",660644,2025,95,22.1,6.3,".275",".266",35.8,0,37.3,"97.437229697","92.921739545"
"Gonzalez, Romy",663853,2025,341,23.8,5.3,".352",".344",33.5,12.6,57.3,"104.23239437","97.196095588"
"Butler, Lawrence",671732,2025,630,28.4,9.4,".310",".304",34.4,9.2,44.4,"102.147176546","95.442891289"
"Valera, George",671655,2025,48,27.1,14.6,".330",".272",28.6,3.6,42.9,"102.141089286","95.153796071"
"Iglesias, Jose",578428,2025,343,16.3,7,".268",".281",27,2,28.5,"96.076090484","92.044981089"
"Caratini, Victor",605170,2025,386,16.8,6,".318",".329",34.7,7.7,40.7,"100.008528662","94.285292852"
"Seager, Corey",608369,2025,445,19.6,13,".365",".400",34.2,15.3,53.6,"103.909205676","96.729058034"
"Thomas, Colby",687515,2025,132,37.1,5.3,".291",".281",24,13.3,49.3,"104.21021","96.532611757"
"Ward, Taylor",621493,2025,663,26.4,11.3,".339",".333",34.9,13.7,42.7,"100.944753902","94.843614171"
"Hayes, Ke'Bryan",663647,2025,570,19.5,6.3,".266",".282",30.6,4.5,42.5,"99.789439561","94.118686822"
"Stallings, Jacob",607732,2025,129,31,4.7,".171",".211",31.3,1.3,26.3,"94.85299475","91.470348228"
"Amador, Adael",691182,2025,128,21.1,8.6,".238",".269",30.3,3.4,24.7,"96.266382195","92.139779878"
"Perkins, Blake",663368,2025,171,27.5,8.8,".287",".279",30.6,3.7,34.3,"98.425322941","93.623814314"
"Narváez, Carlos",665966,2025,446,24.9,8.5,".315",".293",30.4,9.1,44.6,"101.53825034","95.342193367"
"Lowe, Brandon",664040,2025,553,26.9,6.9,".334",".335",37.6,12.9,46.6,"101.991060221","95.474542762"
"Quero, Edgar",700337,2025,403,17.6,7.9,".307",".290",35.1,3.7,46.3,"99.759928311","94.349440405"
"Lockridge, Brandon",663604,2025,148,24.3,5.4,".254",".267",26.2,2.9,32,"97.779298571","92.981448673"
"Dunn, Oliver",686554,2025,41,26.8,4.9,".190",".235",35.7,0,32.1,"99.923279167","94.14957875"
"Eldridge, Bryce",805811,2025,37,35.1,18.9,".242",".362",25,25,68.8,"105.11026","98.515259375"
"Kemp, Otto",805249,2025,218,30.7,5.5,".308",".310",38.6,12.1,44.7,"100.840276818","94.728175344"
"Vázquez, Christian",543877,2025,214,16.4,8.4,".248",".271",35.7,3.8,27.4,"95.863345443","91.971705669"
"Huff, Sam",669087,2025,58,43.1,6.9,".261",".253",34.5,13.8,37.9,"98.959443333","93.867601034"
"Pauley, Graham",688363,2025,184,19.6,11.4,".300",".299",33.9,5.5,35.4,"97.950822063","92.977433016"
"Peña, Jeremy",665161,2025,543,17.1,6.4,".363",".334",30,8.2,42.9,"100.3500578","94.382263083"
"Wong, Connor",657136,2025,188,22.3,8.5,".230",".266",28.7,3.1,31,"97.650525968","92.838836452"
"Peraza, Oswald",672724,2025,265,30.2,6.4,".214",".248",29.7,6.7,38.8,"100.200491975","94.259031543"
"Ahmed, Nick",605113,2025,10,30,10,".069",".201",16.7,0,16.7,"93.38864","90.69432"
"Johnson, Bryce",669369,2025,84,22.6,3.6,".359",".328",45,5,33.3,"98.348224231","93.548018627"
"Rojas, Miguel",500743,2025,317,14.5,7.6,".312",".293",34.4,4,31.2,"97.377713277","92.731858692"
"Chaparro, Andrés",665953,2025,73,30.1,6.8,".228",".254",35.6,11.1,37.8,"99.91851","94.142261778"
"Lopez, Nicky",670032,2025,28,14.3,14.3,".130",".240",15,0,40,"97.358447","92.6792235"
"Schunk, Aaron",668845,2025,33,30.3,0,".177",".229",43.5,4.3,21.7,"94.291900909","91.328601364"
"Marsee, Jakob",805300,2025,234,20.5,9.4,".363",".347",38.9,8,41.4,"100.197952716","94.371443168"
"Trevino, Jose",624431,2025,302,12.9,5,".271",".278",29,4.4,40.7,"99.163307459","93.735879959"
"Baker, Luken",663609,2025,41,24.4,17.1,".317",".328",25,8.3,54.2,"103.404434167","97.450175"
"Freeman, Tyler",671289,2025,428,11.9,7.9,".319",".325",30.7,2.1,40.4,"99.694809259","94.1276813"
"Jackson, Jeremiah",669236,2025,183,27.3,6,".336",".295",27.5,7.5,46.7,"101.013917833","94.970572521"
"Mauricio, Ronny",677595,2025,184,29.3,8.2,".290",".286",28.1,8.8,43,"101.786935","95.220553393"
"Herrera, Iván",671056,2025,452,18.6,9.5,".365",".371",33.8,11,47.7,"102.882753464","95.975006557"
"McKinstry, Zach",656716,2025,511,21.7,9,".333",".305",41.2,6.1,30.5,"96.985648092","92.494690578"
"Yelich, Christian",592885,2025,644,25.9,9.9,".343",".330",31.2,10.3,46.4,"102.370284187","95.465991975"
"Smith, Cam",701358,2025,493,27.8,8.7,".298",".304",34.6,6.9,40.8,"100.519229085","94.330406111"
"Azocar, José",640492,2025,21,4.8,9.5,".276",".343",44.4,0,27.8,"95.900311111","92.283752353"
"Misner, Kameron",670224,2025,217,31.8,7.4,".272",".247",27.5,5.3,29.8,"98.404901875","93.313993858"
"Mitchell, Garrett",669003,2025,78,32.1,9,".261",".288",28.9,6.7,42.2,"101.702092273","95.23852186"
"Taylor, Michael A.",572191,2025,325,33.8,7.1,".270",".271",37.2,10.5,42.9,"101.676094494","95.232601638"
"García Jr., Luis",671277,2025,526,16,5.1,".300",".339",33.7,9,45.8,"100.772844709","94.823697591"
"Higashioka, Kyle",543309,2025,327,22,6.1,".301",".295",39.1,8.6,39.1,"99.057726983","93.733033983"
"Tolbert, Tyler",686475,2025,57,19.3,1.8,".305",".313",40.5,2.4,38.1,"98.134727","93.317394"
"Sánchez, Gary",596142,2025,101,26.7,4,".311",".315",24.6,10.8,57.8,"103.08155625","96.651706563"
"Wallner, Matt",670242,2025,392,29.1,11.7,".334",".327",33.9,13.8,45.5,"102.7851575","95.761244395"
"Abrams, CJ",682928,2025,635,19.7,5.8,".324",".309",34.4,7.6,39.2,"99.528390349","93.868025131"
"Fitzgerald, Tyler",666149,2025,243,28.8,7,".269",".242",30.5,4.5,27.9,"96.267063288","92.142678904"
"Kim, Hyeseong",808975,2025,170,30.6,4.1,".306",".251",39.1,2.7,28.2,"95.688711273","91.889763486"
"Refsnyder, Rob",608701,2025,209,25.8,11.5,".359",".338",34.6,12.3,52.3,"102.333693385","95.943907308"
"Ozuna, Marcell",542303,2025,592,24.3,15.9,".334",".354",35.1,11.4,44.6,"101.322693218","94.957629109"
"Schanuel, Nolan",694384,2025,564,12.6,10.5,".327",".327",38,4.5,29,"96.61346119","92.362165704"
"Kreidler, Ryan",668952,2025,44,43.2,9.1,".150",".236",38.1,4.8,28.6,"98.99076","93.991411579"
"McLain, Matt",680574,2025,577,28.9,9.5,".286",".290",34,7.7,40.7,"99.170988588","93.766255706"
"Murphy, Sean",669221,2025,337,31.2,10.4,".309",".314",30.2,13.2,43.1,"102.033985426","95.22279861"
"Aranda, Jonathan",666018,2025,422,25.4,9.7,".381",".382",42.1,12.8,54.5,"102.687689924","96.267280418"
"Malloy, Justyn-Henry",669234,2025,127,25.2,15.7,".301",".295",33.8,4.1,31.1,"96.563518919","92.313797703"
"Vargas, Ildemaro",545121,2025,121,12.4,1.7,".292",".287",26.5,3.9,37.3,"99.5403382","94.1288186"
"Wisely, Brett",689172,2025,63,22.2,11.1,".267",".284",28.6,7.1,31,"96.461614","92.230807"
"Barrero, José",676480,2025,31,29,3.2,".209",".180",25,5,20,"92.891037","90.926829"
"Larnach, Trevor",663616,2025,567,21.5,9.3,".317",".315",34.9,7.2,45.7,"101.351578402","95.134984031"
"Yoshida, Masataka",807799,2025,205,11.7,4.9,".302",".314",29.2,6.5,44,"100.498389286","94.589775269"
"Freeland, Alex",690976,2025,97,36.1,11.3,".273",".258",32,8,38,"98.387745","93.686567447"
"Fraley, Jake",641584,2025,217,22.6,11.5,".316",".315",39.4,4.9,34.5,"98.280407465","93.180021915"
"Verdugo, Alex",657077,2025,213,14.6,6.6,".264",".306",34.9,3,42.8,"99.887519759","94.267966303"
"Merrill, Jackson",701538,2025,483,22.4,6.8,".331",".347",42.6,13,42.9,"100.742734371","94.664461796"
"McGuire, Reese",624512,2025,140,19.3,2.9,".290",".254",31.2,9.2,36.7,"97.746413462","92.967980769"
"Ornelas, Jonathan",680716,2025,10,30,10,".246",".143",0,0,33.3,"91.96826","92.03467"
"Rutschman, Adley",668939,2025,365,15.6,11,".298",".325",33.7,7.5,38.6,"99.370985821","93.966094082"
"Wells, Austin",669224,2025,448,26.3,6.7,".302",".294",33,10.2,45.2,"101.709094658","95.230029897"
"Margot, Manuel",622534,2025,20,30,0,".265",".301",42.9,0,14.3,"91.220212857","90.001579286"
"Outman, James",681546,2025,148,42.6,8.1,".237",".265",28.2,16.9,39.4,"100.988622","94.538542857"
"McNeil, Jeff",643446,2025,462,11.9,10.6,".324",".330",38.9,5.1,32.9,"97.362971437","92.810539654"
"McCray, Grant",687529,2025,26,42.3,7.7,".154",".223",30.8,15.4,23.1,"97.056798333","92.528399167"
"Wiemer, Joey",686894,2025,61,37.7,3.3,".297",".305",38.2,14.7,61.8,"101.055430588","95.594696176"
"Crim, Blaine",688760,2025,74,37.8,8.1,".309",".322",46.2,15.4,53.8,"102.3841365","96.130850513"
"Santana, Carlos",467793,2025,474,19.2,11,".284",".290",31.1,4.9,37.8,"99.228050732","93.64377436"
"Montes, Coco",663796,2025,10,30,0,".176",".259",28.6,0,42.9,"100.900335","95.37162"
"Workman, Gage",669398,2025,17,41.2,5.9,".218",".312",44.4,11.1,33.3,"96.66793","92.835233333"
"Gurriel, Yuli",493329,2025,40,20,10,".167",".190",14.3,0,17.9,"94.735272857","91.508708519"
"Millas, Drew",686452,2025,55,12.7,7.3,".350",".305",32.6,2.3,23.3,"95.710318571","91.855159286"
"Pillar, Kevin",607680,2025,43,18.6,0,".202",".216",34.3,2.9,20,"94.907728333","91.579498"
"Guerrero Jr., Vladimir",665489,2025,680,13.8,11.9,".366",".384",33.7,12.2,50.7,"104.847490968","96.922139153"
"Andujar, Miguel",609280,2025,341,14.4,5,".354",".298",31.8,4.7,35.4,"98.982146397","93.528504007"
"Frelick, Sal",686217,2025,594,13.5,7.9,".332",".299",30.7,3.1,27.4,"96.058504215","92.02970778"
"Devers, Rafael",646240,2025,729,26.3,15.4,".365",".367",34.6,16,56.1,"104.005280383","97.028150813"
"Stefanic, Michael",683021,2025,25,12,12,".224",".283",21.1,5.3,42.1,"97.646602","93.775205789"
"Story, Trevor",596115,2025,654,26.9,5,".320",".311",32.6,9.8,47,"102.418939954","95.643419306"
"Brennan, Will",686823,2025,13,7.7,7.7,".177",".199",0,0,30,"93.066842","91.236264"
"Julks, Corey",667452,2025,13,23.1,0,".260",".162",50,0,20,"94.967672","91.624602"
"Meidroth, Chase",805367,2025,505,14.3,8.9,".294",".300",26.2,1.6,36.1,"97.686781436","92.976040347"
"Rivera, Emmanuel",656896,2025,127,18.9,4.7,".258",".267",38.5,1,32.3,"96.802193333","92.451264479"
"Conforto, Michael",624424,2025,486,24.9,11.5,".287",".330",34.3,9.7,44,"100.8879832","94.86054311"
"Bleday, JJ",668709,2025,344,26.5,10.5,".302",".276",29.5,7.8,38.7,"99.544634679","93.986993226"
"Barnhart, Tucker",571466,2025,15,26.7,6.7,".271",".220",22.2,0,11.1,"95.017356","91.959773333"
"Martínez, Angel",682657,2025,484,22.7,4.8,".274",".255",32.2,3.5,29.3,"97.037956154","92.536116469"
"Flores, Wilmer",527038,2025,463,19,7.3,".302",".281",35.6,4.8,26.9,"96.048525988","92.028912096"
"Smith, Will",669257,2025,436,20.4,14.7,".389",".378",41.7,12.2,47.1,"101.332929281","95.105303022"
"Winker, Jesse",608385,2025,81,25.9,11.1,".301",".277",29.4,7.8,45.1,"101.052788462","94.994217843"
"Rooker, Brent",667670,2025,699,22.2,9.3,".349",".351",39.7,13.7,44.8,"101.348762785","95.08004389"
"McMahon, Ryan",641857,2025,586,32.3,11.9,".306",".322",35.3,12.1,50.5,"102.856311911","96.350240575"
"Crawford, J.P.",641487,2025,654,18.7,11.3,".322",".329",40,4.8,34.7,"98.225449369","93.184882725"
"Escarra, J.C.",641555,2025,98,14.3,11.2,".280",".300",27.8,5.6,43.1,"100.294987778","94.348824722"
"Smith, Pavin",656976,2025,288,31.9,14.2,".348",".319",37,11.7,46.1,"100.556484935","94.576743052"
"Contreras, William",661388,2025,659,18.2,12.7,".332",".331",31.6,6.4,48.5,"102.570622124","95.839705166"
"Allen, Nick",669397,2025,416,23.8,7.5,".245",".252",29.3,0,21.6,"94.907320963","91.457467333"
"Walls, Taylor",670764,2025,317,22.1,8.2,".265",".261",33.5,3.2,26.4,"96.119638571","92.100255905"
"Garver, Mitch",641598,2025,290,27.6,10.3,".284",".298",31.1,7.9,46.9,"100.635150112","94.896484576"
"Grisham, Trent",663757,2025,581,23.6,14.1,".353",".370",34.6,14.2,46.4,"101.23838764","95.167728169"
"Machado, Manny",592518,2025,678,19.3,8.1,".341",".355",34.8,12.9,51.5,"103.43453","96.416401779"
"Bryant, Kris",592178,2025,41,31.7,4.9,".181",".217",46.2,7.7,34.6,"97.886280769","93.540250769"
"Jones, Jahmai",663330,2025,150,21.3,12,".399",".399",38.1,13.4,53.6,"103.078442292","96.185267813"
"Crews, Dylan",686611,2025,322,23.6,7.5,".279",".307",26.7,9.7,38.7,"101.064556729","94.842214579"
"Casas, Triston",671213,2025,112,24.1,9.8,".256",".304",34.7,9.7,44.4,"100.957485","94.540363056"
"Ramos, Heliot",671218,2025,695,22.7,7.5,".319",".320",32.5,8.8,47.4,"102.515755862","95.752323082"
"Edman, Tommy",669242,2025,377,16.2,5,".284",".321",33.3,4.5,39.9,"99.368114861","93.911672648"
"Baldwin, Brooks",681460,2025,328,26.2,6.4,".302",".307",36.8,10.9,40.9,"100.405509245","94.668835355"
"Melendez, MJ",669004,2025,65,35.4,4.6,".151",".208",21.6,8.1,45.9,"99.71341","94.594313514"
"Ritter, Ryan",690022,2025,207,29.5,4.8,".280",".248",30.5,1.5,30.5,"96.732699677","92.401848618"
"Kirk, Alejandro",672386,2025,506,11.7,9.5,".334",".359",34.4,10.1,50.8,"102.169605025","95.726454811"
"Bailey, Patrick",672275,2025,452,29.4,6.6,".265",".264",35.3,5.6,36.4,"98.882488071","93.543761039"
"Kiner-Falefa, Isiah",643396,2025,459,16.8,3.7,".279",".262",29.7,1.4,27.5,"95.949940457","91.999728395"
"Olson, Matt",621566,2025,724,24.3,12.6,".366",".360",37.1,14.3,53.3,"103.816455133","96.735765819"
"Lewis, Royce",668904,2025,403,19.9,6.2,".292",".297",33.2,8.7,40.3,"100.418670671","94.408310906"
"Schwarber, Kyle",656941,2025,724,27.2,14.9,".391",".403",35.3,20.8,59.6,"105.678659216","98.063659265"
"Melton, Jacob",689200,2025,78,37.2,7.7,".198",".240",19.5,4.9,43.9,"101.09519619","94.913117561"
"Goldschmidt, Paul",502671,2025,534,18.7,6.7,".316",".329",36.1,7.9,43.7,"100.708316256","94.748625913"
"Fairchild, Stuart",656413,2025,55,27.3,7.3,".266",".264",22.2,13.9,36.1,"98.732025625","93.561049355"
"Palacios, Richie",680700,2025,48,18.8,10.4,".369",".360",41.2,5.9,44.1,"98.478291176","93.239145588"
"Scott II, Victor",687363,2025,463,24,9.1,".274",".287",36,3.7,26,"96.84561594","92.427137782"
"Ramírez, José",608070,2025,673,11,9.8,".359",".342",36.4,7,37,"99.107451103","93.765336362"
"Norby, Connor",681393,2025,337,26.7,5.3,".300",".307",42,9.4,37.1,"98.764348839","93.549892377"
"Sosa, Lenyn",672820,2025,544,23.3,3.3,".313",".326",39.2,10.4,43.8,"100.914668265","94.870690765"
"Alonso, Pete",624413,2025,709,22.8,8.6,".368",".386",38.4,18.9,54.4,"105.076411532","97.45647"
"Black, Tyler",672012,2025,13,7.7,38.5,".430",".428",42.9,0,28.6,"92.6937675","92.279112857"
"Brown, Seth",664913,2025,76,30.3,11.8,".265",".295",40.5,9.5,40.5,"98.639958095","93.322191667"
"Kavadas, Niko",694359,2025,23,43.5,13,".167",".218",30,0,30,"96.565082","92.442774"
"Castro, Willi",650489,2025,454,24.4,8.8,".302",".306",36.6,6.5,37.3,"99.398738493","93.724594674"
"Teel, Kyle",691019,2025,297,25.9,12.5,".349",".337",47.8,9.6,37.6,"99.256241023","93.683455455"
"Encarnacion, Jerar",666464,2025,56,26.8,1.8,".247",".297",37.5,5,45,"101.726596","94.9849385"
"Harris, Brett",695391,2025,84,25,8.3,".311",".288",27.8,3.7,27.8,"97.65899","92.8454"
"Rocchio, Brayan",677587,2025,383,20.1,5.7,".278",".295",33.3,3.3,35.5,"98.267840896","93.292344494"
"Lee, Korey",686676,2025,40,17.5,10,".333",".250",24.1,3.4,34.5,"98.543971429","93.271985714"
"Paris, Kyren",677347,2025,140,42.1,7.1,".283",".265",34.3,16.4,47.8,"100.929316364","94.91915303"
"Dezenzo, Zach",701305,2025,109,33.9,10.1,".306",".316",42.6,16.4,41,"100.586424839","94.450580984"
"Capra, Vinny",681962,2025,105,23.8,2.9,".150",".211",26.3,2.6,32.9,"96.857216667","92.522860282"
"Lowe, Josh",666139,2025,435,25.1,7.6,".284",".298",34.5,5.9,39.6,"99.41732007","93.945724064"
"Vaughn, Andrew",683734,2025,447,17.9,6.9,".311",".349",38.4,12,47.7,"101.722005241","95.420312018"
"Solak, Nick",669256,2025,11,18.2,0,".080",".141",22.2,0,33.3,"95.071828","93.087371111"
"Rojas, Johan",679032,2025,172,23.3,7.6,".254",".265",27.7,3.4,35.3,"99.557933889","93.879675648"
"Fermín, José",665877,2025,70,14.3,11.4,".352",".332",35.3,0,29.4,"96.5928275","92.389810213"
"Harper, Bryce",547180,2025,580,20.9,12.1,".361",".368",37.6,12.3,47.5,"102.783123874","95.800004672"
"Holliday, Jackson",702616,2025,649,21.6,8.6,".304",".314",32.4,7.8,40.8,"99.642935225","94.03038741"
"Clemens, Kody",665019,2025,386,24.1,7.5,".307",".331",35.9,12,48.3,"102.245098819","95.890658268"
"Guillorme, Luis",641645,2025,21,38.1,4.8,".159",".250",33.3,0,25,"94.741063333","91.939935455"
"Anthony, Roman",701350,2025,303,27.7,13.2,".376",".372",37.4,15.5,60.3,"103.89544954","97.546625838"
"Kim, Ha-Seong",673490,2025,191,20.4,8.4,".288",".297",33.6,5.2,43.3,"99.669184627","94.229750677"
"Ibáñez, Andy",628451,2025,193,13.5,6.2,".289",".304",32.5,4.6,36.4,"98.636547027","93.431222703"
"Realmuto, J.T.",592663,2025,550,23.5,6.4,".307",".316",36.7,8.8,45.5,"101.254721596","94.894975239"
"Myers, Dane",667472,2025,333,23.1,6.9,".275",".308",34.6,7.8,42,"99.818160261","94.250510655"
"Winn, Masyn",691026,2025,537,19,6.3,".297",".286",31.3,4.8,34.6,"98.797379897","93.446512558"
"Beavers, Dylan",687637,2025,137,26.3,19,".347",".344",37.3,9.3,28,"98.582665946","93.439117838"
"Laureano, Ramón",657656,2025,488,24.4,7.2,".364",".362",37.1,13.8,49.1,"102.249268272","95.596059444"
"Altuve, Jose",514888,2025,654,16.7,8.4,".331",".300",29.8,6.2,30.9,"97.313797857","92.666821705"
"Saggese, Thomas",695336,2025,295,28.1,5.4,".282",".280",39,5.6,44.1,"99.925035361","94.561153679"
"Short, Zack",670097,2025,56,32.1,7.1,".295",".241",18.2,3,39.4,"98.439797333","93.533943333"
"Bernabel, Warming",682653,2025,146,17.1,4.8,".301",".273",34.2,2.6,32.5,"97.004497018","92.502248509"
"Raleigh, Cal",663728,2025,705,26.7,13.8,".392",".371",35.3,19.5,49.6,"103.037930049","96.182622409"
"Nola, Austin",543592,2025,41,12.2,4.9,".198",".275",35.3,0,44.1,"98.003522941","93.431973333"
"Adams, Riley",656180,2025,286,38.5,6.3,".250",".275",31.4,10.5,52.3,"103.494352237","96.418372697"
"Alvarez Jr., Nacho",805373,2025,208,23.6,5.8,".279",".270",33.1,1.4,26.8,"95.360603857","91.727261"
"Freeman, Cody",683227,2025,121,15.7,4.1,".261",".269",33,4.1,25.8,"94.709205208","91.506490842"
"Frazier, Adam",624428,2025,459,17.6,5.7,".300",".279",39.5,2,20.6,"94.597659294","91.299166588"
"Maile, Luke",571912,2025,54,29.6,13,".316",".342",38.7,6.5,45.2,"101.387447857","95.660297143"
"Sogard, Nick",686765,2025,104,23.1,4.8,".295",".302",36.1,5.6,34.7,"97.3260325","92.700836944"
"Young, Cole",702284,2025,257,18.3,10.9,".274",".297",33.3,5.6,31.1,"97.99473618","93.043937232"
"Hicks, Liam",689414,2025,390,14.4,11,".313",".315",39,3.5,27.7,"96.015787174","92.008309275"
"Cameron, Daz",663662,2025,42,31,2.4,".221",".263",28.6,7.1,32.1,"99.524880714","94.134041071"
"Maton, Nick",665155,2025,63,30.2,14.3,".273",".236",22.9,5.7,37.1,"98.372717222","93.408373143"
"Clarke, Denzel",672016,2025,159,38.4,3.8,".281",".254",29.2,6.7,42.7,"101.799379767","95.151251744"
"Smith, Josh",669701,2025,563,17.8,9.8,".311",".310",33.8,5,31.1,"97.379499592","92.713932653"
"Monasterio, Andruw",655316,2025,135,23.7,5.2,".328",".280",43.6,5.3,35.1,"96.826778511","92.50592129"
"Robertson, Will",683770,2025,75,36,2.7,".149",".188",31.8,9.1,31.8,"96.081497727","92.111820455"
"Horwitz, Spencer",687462,2025,411,17.8,10.7,".344",".326",38.7,8.2,36,"98.063965931","93.094774414"
"Valdez, Enmanuel",665839,2025,102,15.7,10.8,".290",".327",37.3,8,42.7,"100.139290263","94.238050933"
"Mangum, Jake",663968,2025,428,15,4.4,".307",".276",26.5,2.6,33.4,"97.795184639","92.979726627"
"Newman, Kevin",621028,2025,116,19.8,0.9,".209",".218",28.3,2.2,29.3,"95.824514565","91.955249121"
"Arozarena, Randy",668227,2025,709,26.9,9,".332",".327",32.6,11.5,50.6,"102.490457934","95.926660471"
"Tawa, Tim",694374,2025,225,28.4,8.9,".273",".290",31.4,9.3,42.1,"100.696969118","94.668478824"
"Dingler, Dillon",693307,2025,469,23.5,4.9,".326",".351",42.3,9.2,45.7,"101.112198405","94.948132515"
"Rojas, Josh",668942,2025,211,22.7,9,".232",".263",30.6,3.5,36.8,"98.368843714","93.541469143"
"Jackson, Alex",656577,2025,100,37,5,".327",".270",40.7,14.8,40.7,"102.546793333","95.380737963"
"Torkelson, Spencer",679529,2025,649,26,11.1,".339",".334",39.3,13.5,45.1,"100.7921562","94.776285589"
"Herrera, Jose",645444,2025,204,23,11.3,".251",".237",30.8,0.8,22.6,"94.05191082","91.19759124"
"Mayer, Marcelo",691785,2025,136,30.1,5.9,".290",".263",35.6,9.2,51.7,"100.981297955","95.035314253"
"O'Hoppe, Logan",681351,2025,451,30.8,5.3,".273",".301",33.6,13.3,46.9,"101.727337413","95.336562491"
"León, Sandy",506702,2025,12,33.3,0,".170",".159",0,0,25,"96.35583","92.177915"
"Kelenic, Jarred",672284,2025,65,35.4,7.7,".236",".272",21.6,13.5,37.8,"100.910482778","94.461611389"
"Johnson, Daniel",669288,2025,57,22.8,7,".243",".305",30,12.5,42.5,"101.561793","94.954765641"
"Adames, Willy",642715,2025,686,26.1,11.7,".321",".327",35.6,12.6,42.8,"99.897786476","94.18327716"
"Simon, Ronny",682927,2025,88,17,9.1,".259",".295",27.7,6.2,36.9,"98.654906875","93.41201619"
"Suárez, Eugenio",553993,2025,657,29.8,7,".347",".320",32.8,14.3,47.6,"101.4773033","95.099828471"
"Noel, Jhonkensy",678877,2025,153,34,2.6,".207",".202",25.8,6.2,41.2,"102.828730612","95.724912371"
"Solano, Donovan",456781,2025,179,22.3,4.5,".277",".259",35.9,3.9,37.5,"97.96341","93.101891328"
"Pages, Andy",681624,2025,624,21.6,4.6,".332",".316",38.9,8.4,37.2,"99.313461778","93.746068218"
"Turang, Brice",668930,2025,659,22.8,10,".346",".335",35.1,7.9,47.4,"100.614785374","94.892922904"
"Ornelas, Tirso",672359,2025,16,12.5,12.5,".142",".285",16.7,8.3,41.7,"99.520206667","94.265940833"
"De La Cruz, Elly",682829,2025,699,25.9,9.6,".333",".322",32.5,10.2,44.2,"102.291176726","95.4641937"
"Betts, Mookie",605141,2025,663,10.3,9.2,".318",".330",37.7,5.5,35.8,"98.069345714","93.262709925"
"Bader, Harrison",664056,2025,501,27.1,7.8,".346",".297",33,10.2,40.3,"100.565887134","94.337735112"
"Davis, Henry",680779,2025,283,26.9,6.4,".229",".293",33,11.5,37.4,"100.464622889","94.376065531"
"Moore, Dylan",664238,2025,243,33.7,8.2,".280",".262",34.3,8.6,34.3,"97.881551857","92.946941714"
"Semien, Marcus",543760,2025,534,17.4,9.4,".295",".318",35.8,6.7,35,"98.284177358","93.274231455"
"Villar, David",681584,2025,25,20,16,".295",".337",26.7,6.7,26.7,"95.64807875","92.744836667"
"Reynolds, Bryan",668804,2025,654,26.5,8.7,".315",".338",38.4,10.1,46,"101.932535192","95.465817885"
"Pasquantino, Vinnie",686469,2025,682,15.7,7.2,".340",".334",33.5,10.8,44.7,"101.339574109","95.022747112"
"Mateo, Jorge",622761,2025,83,36.1,4.8,".214",".206",20.4,4.1,36.7,"97.8277768","93.070715306"
"García, Adolis",666969,2025,547,24.7,5.1,".286",".304",33.2,11.6,46.7,"101.875197354","95.57270172"
"Rivero, Sebastián",665861,2025,34,26.5,2.9,".198",".204",41.7,8.3,29.2,"96.9734025","92.64067875"
"Edwards, Xavier",669364,2025,619,14.2,7.9,".308",".295",33.6,0.8,29.4,"96.768424561","92.424991053"
"Isbel, Kyle",664728,2025,409,18.1,5.6,".287",".251",26.5,1.6,36.1,"99.661835734","93.907481368"
"Tellez, Rowdy",642133,2025,312,26.6,5.4,".307",".328",36.8,15.3,46.4,"102.566534381","95.772612919"
"Haase, Eric",606992,2025,77,40.3,5.2,".286",".273",30,10,22.5,"95.763671","92.169992051"
"Stephenson, Tyler",663886,2025,342,33.9,10.8,".319",".313",42.2,14.4,49.2,"100.887212903","94.951515484"
"Jones, Nolan",666134,2025,403,28,9.7,".270",".301",35.8,8.5,46.7,"101.479686667","95.273598792"
"Hiura, Keston",669374,2025,21,33.3,0,".289",".242",36.4,0,18.2,"93.138543333","91.423364545"
"Vázquez, Luis",676679,2025,53,26.4,5.7,".201",".279",38.9,11.1,44.4,"100.387227059","94.647829412"
"Walker, Christian",572233,2025,640,27.7,6.3,".310",".314",34.5,12.9,46.1,"102.499785971","95.668558155"
"Tovar, Ezequiel",678662,2025,390,25.1,5.4,".301",".319",43.7,9.3,38.9,"100.45095771","94.346705534"
"India, Jonathan",663697,2025,567,18.7,9.5,".301",".315",33,5.8,36.8,"99.096462296","93.637694783"
"Hilliard, Sam",656541,2025,61,37.7,16.4,".326",".301",21.4,17.9,57.1,"103.536915714","97.178934444"
"Naylor, Bo",666310,2025,414,23.9,10.9,".289",".292",36.8,9.7,38.3,"99.633649773","94.100167452"
"Pérez, Wenceel",672761,2025,383,22.7,8.1,".318",".310",37.8,8.8,40.1,"99.315106565","93.97487416"
"Rengifo, Luis",650859,2025,541,19.2,6.1,".275",".302",34.7,5,32.7,"97.798023081","92.967555404"
"Chapman, Matt",656305,2025,535,23.6,13.3,".336",".340",34,9.9,47.6,"102.936609458","95.951665392"
"Guzman, Denzer",694203,2025,43,51.2,2.3,".243",".212",25,15,45,"100.068671","94.0362085"
"Dubón, Mauricio",643289,2025,398,10.6,6,".283",".278",31.7,1.2,26.3,"95.584607","91.821087031"
"Farmer, Kyle",571657,2025,300,22,5.7,".282",".285",37.6,6.1,35.2,"97.85606783","93.102847062"
"Matthews, Brice",694728,2025,47,42.6,4.3,".287",".294",41.7,25,41.7,"102.907875455","96.055640476"
"Grichuk, Randal",545341,2025,293,20.8,5.8,".289",".326",33.6,11.7,49.5,"103.732042243","96.384131636"
"Call, Alex",669743,2025,322,17.1,11.2,".331",".321",32.4,4.4,28.9,"97.303531852","92.783138698"
"Donovan, Brendan",680977,2025,515,13,8.2,".337",".346",40.1,8.8,40.9,"99.946562944","94.337995152"
"Jiménez, Leo",677870,2025,32,25,6.3,".139",".240",22.7,9.1,50,"101.288531818","95.453145714"
"Kayfus, C.J.",692216,2025,138,27.5,8,".306",".322",41.4,9.2,36.8,"99.494627442","93.95327186"
"Heineman, Tyler",623168,2025,174,17.8,6.9,".341",".273",31.2,3.2,22.4,"95.366876724","91.715468261"
"Acuña Jr., Ronald",660670,2025,412,24.8,17.2,".403",".397",30.9,15.7,52.5,"105.047340254","97.260763686"
"Alfaro, Jorge",595751,2025,39,35.9,0,".245",".247",40,8,44,"100.574966154","94.5389824"
"Meadows, Parker",678009,2025,213,26.3,9.9,".277",".291",36,5.1,30.9,"97.783717273","92.930370153"
"Turner, Justin",457759,2025,191,19.4,8.9,".268",".297",38.2,3.7,30.9,"97.129182059","92.660234118"
"Barnes, Austin",605131,2025,44,31.8,2.3,".227",".240",34.5,3.4,20.7,"94.497949286","91.446035714"
"Arias, Gabriel",672356,2025,471,34.4,5.7,".278",".286",33.8,11.3,43.3,"102.355979412","95.517852978"
"White, Eli",642201,2025,271,25.8,4.1,".290",".310",34.6,9,40.4,"100.120268901","94.122021978"
"Soler, Jorge",624585,2025,315,29.8,8.9,".298",".294",31.9,12.8,42,"101.751590213","95.016723457"
"Marchán, Rafael",665561,2025,118,14.4,8.5,".264",".261",26.7,2.2,22.2,"94.982321111","91.630902584"
"Narváez, Omar",553882,2025,10,10,20,".315",".295",28.6,0,14.3,"94.2214","91.555085714"
"Cruz, Oneil",665833,2025,544,32,11.8,".295",".324",31.5,17.9,56.6,"107.307978467","98.8072552"
"DeJong, Paul",657557,2025,208,33.7,5.3,".278",".259",37.3,10.3,39.7,"99.616800317","93.875351032"
"Jung, Jace",690291,2025,55,29.1,12.7,".181",".241",29,3.2,38.7,"99.26483","93.838995161"
"Collins, Isaac",686555,2025,441,21.1,12.9,".344",".322",34.4,4.9,38.9,"99.896805357","94.13021853"
"Encarnacion-Strand, Christian",687952,2025,137,23.4,2.2,".261",".275",29,9,44,"100.823273","94.4550123"
"Judge, Aaron",592450,2025,679,23.6,18.3,".463",".460",39.4,24.7,58.2,"106.838113247","98.650676124"
"Pereda, Jhonny",640902,2025,78,26.9,10.3,".295",".254",26.5,4.1,44.9,"100.866635417","94.433317708"
"Langeliers, Shea",669127,2025,523,19.7,6.9,".364",".328",33.4,11.2,44.9,"102.509663298","95.562115"
"Garcia, Maikel",672580,2025,666,12.6,9.3,".347",".335",34.5,5.6,45.1,"101.342001641","95.068685362"
"McCoy, Mason",669200,2025,26,26.9,11.5,".224",".287",46.7,13.3,26.7,"94.701915","92.222856667"
"Jensen, Carter",695600,2025,69,17.4,13,".403",".447",41.7,20.8,58.3,"105.665572083","98.411932917"
"Moniak, Mickey",666160,2025,461,23.9,4.8,".348",".337",37.6,13.8,45.3,"101.40795773","95.080857415"
"Hurtubise, Jacob",674441,2025,15,40,6.7,".201",".262",16.7,0,16.7,"94.89156","92.071823333"
"Walker, Jordan",691023,2025,396,31.8,7.3,".260",".278",29,10.9,50,"104.361880756","96.653513613"
"Bogaerts, Xander",593428,2025,552,17,8.7,".313",".327",36.7,6.9,39.2,"100.19021209","94.233073607"
"Neto, Zach",687263,2025,554,26.9,6,".337",".344",38,14,46.6,"101.775942825","95.420716799"
"Rave, John",670231,2025,175,26.3,10.3,".267",".302",25.5,5.5,40,"100.331691373","94.211258235"
"Sweeney, Trey",700242,2025,326,28.2,8,".245",".245",28.8,6.7,35.1,"98.832125049","93.46450932"
"Ruiz, Esteury",665923,2025,23,34.8,8.7,".264",".249",15.4,7.7,23.1,"94.73533","91.804691667"
"Williams, Carson",700246,2025,106,41.5,5.7,".248",".233",30.4,8.9,35.7,"97.9481525","93.165114909"
"Carroll, Corbin",682998,2025,642,23.8,10.4,".371",".372",33.5,14.5,49.9,"103.729438309","96.452659346"
"Mullins, Cedric",656775,2025,498,24.1,10,".302",".284",32.7,6.2,35.9,"98.760333806","93.525071065"
"MacIver, Willie",680862,2025,111,24.3,6.3,".256",".256",28,4,37.3,"98.324076053","93.2848816"
"Gonzales, Nick",693304,2025,408,17.9,5.1,".289",".291",31.7,4.5,38.8,"99.501335385","94.022817942"
"Basallo, Samuel",694212,2025,118,25.4,5.1,".246",".286",20.3,8.9,43,"101.75076075","95.101636582"
"Moore, Christian",695681,2025,184,33.7,10.3,".288",".282",38.2,6.9,36.3,"100.7636714","94.563016162"
"Wilson, Weston",642215,2025,125,27.2,9.6,".288",".330",38.5,10.3,41,"100.048028462","94.307998831"
"Espinal, Santiago",669289,2025,328,11.6,6.4,".259",".254",31.3,0.7,25.7,"95.861426183","91.96218977"
"Jansen, Danny",643376,2025,337,25.5,12.5,".318",".299",35.6,8.8,39,"98.68086","93.598515665"
"Stott, Bryson",681082,2025,560,16.3,9.6,".315",".313",36,5.1,29.5,"97.625702976","92.873358435"
"Fortes, Nick",663743,2025,242,19.4,5.8,".286",".270",29.9,4.6,37.9,"99.24272869","93.641201726"
"House, Brady",691781,2025,274,28.5,2.9,".248",".284",36.2,4.3,46.3,"101.278758298","94.962086257"
"Devanney, Cam",687478,2025,38,55.3,5.3,".162",".188",33.3,6.7,46.7,"99.4550525","94.456061333"
"Fulford, Braxton",690924,2025,120,30,5.8,".258",".262",30.7,5.3,38.7,"100.083468947","94.1395428"
"Elko, Tim",671284,2025,72,41.7,6.9,".228",".243",16.2,10.8,48.6,"103.514651579","96.093476757"
"Robert Jr., Luis",673357,2025,431,26,9.3,".289",".321",34.7,10.2,41.6,"101.308583088","94.893475424"
"Sánchez, Ali",645305,2025,23,26.1,0,".224",".255",35.3,17.6,41.2,"99.177534444","93.917518235"
"English, Tristin",663536,2025,23,34.8,4.3,".123",".131",35.7,0,35.7,"96.88706","92.885800714"
"Haggerty, Sam",664059,2025,182,20.3,8.8,".307",".304",34.9,2.4,42.1,"99.873902459","94.182853197"
"Chisholm Jr., Jazz",665862,2025,531,27.9,10.9,".349",".346",32.6,15,43.3,"100.93875057","94.67092819"
"Suwinski, Jack",669261,2025,178,32,13.5,".250",".310",35.5,11.8,38.7,"100.555321489","94.441022581"
"Lawlar, Jordan",691783,2025,74,35.1,8.1,".244",".253",36.6,4.9,34.1,"97.86948","93.084547949"
"Ruiz, Keibert",660688,2025,267,9.7,3,".262",".287",31.3,2.2,30.9,"96.142920957","92.090094629"
"Acuña, Luisangel",682668,2025,193,19.2,6.7,".258",".271",29.8,1.4,35.5,"99.435407273","93.76929803"