Season,Name,Tm,PA,BB%,K%,BB/K,AVG,OBP,SLG,OPS,ISO,BABIP,wRC,wRAA,wOBA,wRC+,playerId
2025,"Carlos Santana","2 Tms",148,0.114864864,0.175675675,0.653846153,0.23076923,0.317567567,0.346153846,0.663721413,0.115384616,0.257425742,15.24230836032983,-2.2450322985732947,0.2943168988033217,88.57733437889428,2396
2025,"Tommy Pham","PIT",122,0.147540983,0.196721311,0.75,0.215686274,0.327868852,0.323529411,0.651398263,0.107843137,0.246753246,12.033224244791612,-2.3820160280879885,0.2890070582429568,81.68075880584796,2967
2025,"Giancarlo Stanton","NYY",78,0.166666666,0.307692307,0.541666666,0.276923076,0.397435897,0.553846153,0.95128205,0.276923077,0.361111111,14.453651291752227,5.237350133681661,0.39575630346934,158.29373878893745,4949
2025,"Justin Turner","CHC",109,0.082568807,0.183486238,0.45,0.275510204,0.330275229,0.428571428,0.758846657,0.153061224,0.311688311,14.184244818501412,1.3050547386335725,0.3278018733777037,111.93223100006895,5235
2025,"Freddie Freeman","LAD",175,0.08,0.24,0.333333333,0.284810126,0.348571428,0.506329113,0.854900541,0.221518987,0.339449541,27.9762648565269,7.2986661044455055,0.36442399984118584,135.73646631742685,5361
2025,"Jose Altuve","HOU",124,0.096774193,0.225806451,0.428571428,0.261261261,0.330645161,0.468468468,0.799113629,0.207207207,0.285714285,17.528098773379295,2.876543086190194,0.34162732110760075,120.45340817413772,5417
2025,"Kyle Higashioka","TEX",110,0.036363636,0.209090909,0.173913043,0.25,0.281818181,0.403846153,0.685664334,0.153846153,0.29113924,11.411083384207572,-1.5862644028150186,0.29529367631131953,89.36597176156259,5517
2025,"Wilmer Flores","SFG",151,0.059602649,0.19205298,0.310344827,0.235714285,0.284768211,0.385714285,0.670482496,0.15,0.254716981,15.26991918833841,-2.571894592028964,0.2920767613594106,88.06047746931101,5827
2025,"Martin Maldonado","SDP",52,0.096153846,0.288461538,0.333333333,0.282608695,0.352941176,0.413043478,0.765984654,0.130434783,0.4,7.159480466136385,1.0152796940893414,0.3371029998741898,120.2501884630453,6887
2025,"Salvador Perez","KCR",144,0.041666666,0.201388888,0.206896551,0.213235294,0.256944444,0.308823529,0.565767973,0.095588235,0.257142857,8.23454052119559,-8.780169309088528,0.23795591167041233,45.44600952779591,7304
2025,"Miguel Rojas","LAD",135,0.096296296,0.125925925,0.764705882,0.295081967,0.362962962,0.516393442,0.879356404,0.221311475,0.303030303,22.79816817638585,6.8468777104944865,0.3755225276769097,143.33931481462793,7802
2025,"Donovan Solano","2 Tms",101,0.02970297,0.247524752,0.12,0.177083333,0.207920792,0.239583333,0.447504125,0.0625,0.225352112,2.520423758289658,-9.413504664340175,0.19825961448178434,27.825613878556243,8623
2025,"Paul Goldschmidt","NYY",168,0.101190476,0.113095238,0.894736842,0.335570469,0.410714285,0.570469798,0.981184083,0.234899329,0.349593495,33.31710395691482,13.46660915491668,0.41178388646775227,169.33454090708153,9218
2025,"Starling Marte","NYM",147,0.074829931,0.204081632,0.366666666,0.263157894,0.326530612,0.406015037,0.732545649,0.142857143,0.31,18.28063762735451,0.9114546756061367,0.32069191843473993,108.57047345124509,9241
2025,"Christian Vazquez","MIN",60,0.133333333,0.2,0.666666666,0.117647058,0.25,0.137254901,0.387254901,0.019607843,0.153846153,1.5156486072283877,-5.573813822056662,0.19863665302594502,20.61921592887919,9774
2025,"Nolan Arenado","STL",112,0.071428571,0.0625,1.142857142,0.294117647,0.339285714,0.401960784,0.741246498,0.107843137,0.294736842,13.203745470090293,-0.029917731241798407,0.3127260908074335,101.96055862102244,9777
2025,"Andrew McCutchen","PIT",150,0.12,0.24,0.5,0.267175572,0.353333333,0.389312977,0.74264631,0.122137405,0.344086021,18.79158730009435,1.0679312268817287,0.3218240332441265,104.16144207874405,9847
2025,"DJ LeMahieu","NYY",51,0.137254901,0.274509803,0.5,0.227272727,0.333333333,0.227272727,0.56060606,0,0.333333333,4.1576271674210545,-1.868415897471238,0.2679320725740171,70.2404097649026,9874
2025,"Mike Trout","LAA",105,0.123809523,0.371428571,0.333333333,0.222222222,0.314285714,0.366666666,0.68095238,0.144444444,0.34,10.712218616287497,-1.6943406349613384,0.29318013816203886,85.32647813010618,10155
2025,"Jose Iglesias","SDP",137,0.102189781,0.197080291,0.518518518,0.233333333,0.318518518,0.341666666,0.660185184,0.108333333,0.29347826,14.291053169296896,-1.8965527109039655,0.2960045169900965,92.09640595625082,10231
2025,"Randal Grichuk","2 Tms",183,0.060109289,0.240437158,0.25,0.226744186,0.273224043,0.430232558,0.703456601,0.203488372,0.264462809,19.65140314828912,-1.971457261030279,0.29972411348269534,89.30371536241078,10243
2025,"Marcell Ozuna","ATL",141,0.212765957,0.234042553,0.909090909,0.220183486,0.382978723,0.348623853,0.731602576,0.128440367,0.28,18.585343057734974,1.9251063489151092,0.32987139808188237,111.08673661262729,10324
2025,"Enrique Hernandez","LAD",108,0.092592592,0.222222222,0.416666666,0.202127659,0.268518518,0.414893617,0.683412135,0.212765958,0.19117647,10.763474927925976,-1.9975574447871118,0.29027422545132814,84.9414861964474,10472
2025,"Jurickson Profar","ATL",107,0.102803738,0.168224299,0.611111111,0.263157894,0.345794392,0.410526315,0.756320707,0.147368421,0.297297297,14.432700999413287,1.7898263338549487,0.3336576941971467,113.6804712192332,10815
2025,"Mark Canha","KCR",69,0.04347826,0.173913043,0.25,0.238095238,0.289855072,0.317460317,0.607315389,0.079365079,0.274509803,5.756418589235843,-2.3964632044419627,0.2702774889227273,67.71113450792973,11445
2025,"Christian Yelich","MIL",206,0.082524271,0.276699029,0.298245614,0.241935483,0.31553398,0.344086021,0.659620001,0.102150538,0.328,21.051936160335373,-3.288551513543299,0.29339289112788874,87.32332152184162,11477
2025,"Michael A. Taylor","CHW",139,0.028776978,0.366906474,0.078431372,0.221374045,0.240875912,0.450381679,0.691257591,0.229007634,0.311688311,13.411099131819434,-3.012822162690931,0.28635864704847336,81.54835672195473,11489
2025,"Manny Machado","SDP",187,0.106951871,0.192513368,0.555555555,0.25,0.331550802,0.493902439,0.825453241,0.243902439,0.245762711,27.36989302185402,5.274401783915613,0.3477948278836582,127.5744344997556,11493
2025,"Bryce Harper","PHI",229,0.082969432,0.218340611,0.38,0.272727272,0.336244541,0.478468899,0.81471344,0.205741627,0.315436241,34.22045738919872,7.162342450760786,0.3515775953317834,124.81660978970774,11579
2025,"Willson Contreras","STL",145,0.110344827,0.248275862,0.444444444,0.276422764,0.375,0.487804878,0.862804878,0.211382114,0.34939759,23.995553424781438,6.862685887342567,0.3713487082428032,142.1189368733059,11609
2025,"Elias Diaz","SDP",87,0.057471264,0.218390804,0.263157894,0.2,0.247058823,0.3125,0.559558823,0.1125,0.224137931,5.652050987853865,-4.627669534609457,0.24754052442662855,58.897012443579975,11680
2025,"Nick Castellanos","PHI",188,0.058510638,0.260638297,0.224489795,0.242774566,0.292553191,0.387283236,0.679836427,0.14450867,0.305785123,19.556842543084947,-2.656806402008207,0.2956491816551127,86.50384775798699,11737
2025,"J.T. Realmuto","PHI",166,0.054216867,0.259036144,0.209302325,0.212903225,0.26506024,0.33548387,0.60054411,0.122580645,0.275229357,12.75434278354283,-6.859836604145806,0.2621571215716275,63.560709492903115,11739
2025,"Max Kepler","PHI",76,0.078947368,0.22368421,0.352941176,0.217391304,0.276315789,0.347826086,0.624141875,0.130434782,0.25490196,6.553496817310369,-2.4264889264506944,0.2737309289605994,71.48913976911561,12144
2025,"Xander Bogaerts","SDP",171,0.081871345,0.152046783,0.538461538,0.292207792,0.345029239,0.428571428,0.773600667,0.136363636,0.328125,22.370519924410736,2.1655520009483413,0.32865304145075025,114.46169519150781,12161
2025,"Marcus Semien","TEX",144,0.118055555,0.180555555,0.653846153,0.233870967,0.319444444,0.322580645,0.642025089,0.088709678,0.265306122,14.148076887297627,-2.866632942986492,0.28853600348035496,84.71086384459035,12533
2025,"Eugenio Suarez","2 Tms",184,0.108695652,0.309782608,0.350877192,0.163522012,0.260869565,0.452830188,0.713699753,0.289308176,0.141304347,19.921225940848522,-1.8197921756256301,0.3012400907896907,93.59293623124435,12552
2025,"Trevor Story","BOS",170,0.052941176,0.24117647,0.219512195,0.257861635,0.305882352,0.427672955,0.733555307,0.16981132,0.306306306,20.536662652010072,0.44985243570243477,0.3163143354054739,98.24481895677268,12564
2025,"George Springer","TOR",149,0.140939597,0.208053691,0.677419354,0.25409836,0.360544217,0.475409836,0.835954053,0.221311476,0.26744186,23.032067967128828,5.426569601070954,0.3579124820558992,131.69998521730787,12856
2025,"James McCann","ARI",50,0.08,0.2,0.4,0.279069767,0.367346938,0.418604651,0.785951589,0.139534884,0.34375,7.335535367932133,1.4276500101945917,0.3482230098880067,123.14487210750234,12859
2025,"Francisco Lindor","NYM",227,0.088105726,0.13215859,0.666666666,0.235,0.317180616,0.365,0.682180616,0.13,0.242424242,25.02211165125803,-1.7996878728704073,0.3032902347883989,96.64976051366978,12916
2025,"Brandon Nimmo","NYM",204,0.058823529,0.240196078,0.244897959,0.260869565,0.31862745,0.413043478,0.731670928,0.152173913,0.307692307,25.0131506014365,0.9089783418673334,0.3185431498522852,107.09849786765781,12927
2025,"Austin Hedges","CLE",89,0.11235955,0.269662921,0.416666666,0.168831168,0.261363636,0.272727272,0.534090908,0.103896104,0.211538461,5.4959492067120435,-5.02008673006078,0.2435820989988067,53.522948459808084,12976
2025,"Javier Baez","DET",134,0.022388059,0.231343283,0.096774193,0.317829457,0.335820895,0.434108527,0.769929422,0.11627907,0.402061855,17.934038216804392,2.100905458067782,0.33236573258442664,113.24734512504557,12979
2025,"Teoscar Hernandez","LAD",126,0.039682539,0.174603174,0.227272727,0.25,0.285714285,0.466666666,0.752380951,0.216666666,0.260869565,15.775243430285029,0.8873723287864266,0.3217293128134712,106.48923263817186,13066
2025,"Josh Bell","WSN",120,0.116666666,0.233333333,0.5,0.150943396,0.25,0.301886792,0.551886792,0.150943396,0.162162162,7.922262697642621,-6.256662160927478,0.2488371695081393,56.066695205303475,13145
2025,"Jorge Polanco","SEA",114,0.061403508,0.175438596,0.35,0.304761904,0.345132743,0.542857142,0.887989885,0.238095238,0.333333333,19.344653311572166,5.874674695930571,0.3765258736315027,150.44984087115805,13152
2025,"Orlando Arcia","2 Tms",56,0.035714285,0.196428571,0.181818181,0.222222222,0.25,0.314814814,0.564814814,0.092592592,0.261904761,3.6410132989380566,-2.9758183017279896,0.24760456063917705,43.197063106259286,13185
2025,"Max Muncy","LAD",80,0.0875,0.275,0.318181818,0.157142857,0.25,0.314285714,0.564285714,0.157142857,0.173913043,5.515755557560875,-3.9368610148191903,0.25244361236691476,59.026299597442986,13301
2025,"Ildemaro Vargas","ARI",52,0.019230769,0.115384615,0.166666666,0.26,0.288461538,0.38,0.668461538,0.12,0.261904761,5.264237312862728,-0.8799634591843146,0.29221229484448064,84.7757309926657,13324
2025,"Christian Walker","HOU",133,0.060150375,0.263157894,0.228571428,0.247933884,0.300751879,0.396694214,0.697446093,0.14876033,0.309523809,14.300492450596414,-1.4144826009854456,0.2999560178229303,91.74760683049209,13419
2025,"Jose Ramirez","CLE",196,0.091836734,0.091836734,1,0.32183908,0.384615384,0.511494252,0.896109636,0.189655172,0.328947368,32.713410130770335,9.554499528439175,0.3730959305737881,142.74018016116108,13510
2025,"Mookie Betts","LAD",187,0.09090909,0.101604278,0.894736842,0.26060606,0.326203208,0.424242424,0.750445632,0.163636364,0.251748251,23.26490613511744,1.1694148971790346,0.32075742322045403,105.82345701089166,13611
2025,"Ketel Marte","ARI",184,0.114130434,0.135869565,0.84,0.276729559,0.375,0.51572327,0.89072327,0.238993711,0.28,31.351770719238086,9.610752602763935,0.37738818758063847,143.12395678189478,13613
2025,"Carson Kelly","CHC",126,0.111111111,0.174603174,0.636363636,0.27027027,0.349206349,0.459459459,0.808665808,0.189189189,0.294117647,18.673939114608935,3.7860680131103286,0.3500645539117238,127.18288313583517,13620
2025,"Corey Seager","TEX",149,0.073825503,0.248322147,0.297297297,0.222222222,0.295302013,0.437037037,0.73233905,0.214814815,0.244444444,17.858296136620748,0.25279777056287683,0.31514478776905985,103.04065954523188,13624
2025,"Tyrone Taylor","NYM",102,0.088235294,0.186274509,0.47368421,0.211111111,0.297029702,0.255555555,0.552585257,0.044444444,0.267605633,7.0126353540979975,-5.039450775686587,0.25220267593860624,61.65313972072058,13675
2025,"Rob Refsnyder","BOS",138,0.137681159,0.231884057,0.59375,0.301724137,0.398550724,0.560344827,0.958895551,0.25862069,0.354430379,26.590255287153774,10.28449169979816,0.4048457763490886,159.23081545976635,13770
2025,"Tyler Heineman","TOR",50,0.06,0.12,0.5,0.395348837,0.448979591,0.558139534,1.007119125,0.162790697,0.432432432,10.724023573215943,4.816138215478402,0.4316930856023516,182.5246818664731,13897
2025,"Byron Buxton","MIN",123,0.105691056,0.195121951,0.541666666,0.305555555,0.373983739,0.675925925,1.049909664,0.37037037,0.302631578,25.914353354343003,11.380955374308654,0.4270192970832189,177.94347252481688,14161
2025,"Carlos Correa","2 Tms",140,0.107142857,0.178571428,0.6,0.272,0.35,0.44,0.79,0.168,0.305263157,20.226901545356526,3.6848225436914106,0.3454728858811515,122.25489363112426,14162
2025,"Jorge Soler","LAA",51,0.098039215,0.294117647,0.333333333,0.217391304,0.294117647,0.391304347,0.685421994,0.173913043,0.275862068,5.510250684553446,-0.5157923803388454,0.30059849631552604,90.4367074405572,14221
2025,"Matt Olson","ATL",216,0.074074074,0.277777777,0.266666666,0.280612244,0.333333333,0.459183673,0.792517006,0.178571429,0.368421052,30.004007211397308,4.481942465971132,0.33861195015352824,117.074295878706,14344
2025,"Anthony Santander","TOR",55,0.127272727,0.363636363,0.35,0.145833333,0.254545454,0.1875,0.442045454,0.041666667,0.25,2.0642852925733175,-4.434388600937978,0.21375129222869874,32.39273657251827,14551
2025,"Kyle Farmer","COL",123,0.089430894,0.203252032,0.44,0.252252252,0.325203252,0.441441441,0.766644693,0.189189189,0.275,16.619001765861846,2.0856037858274967,0.33393947525722223,100.69150699474376,14813
2025,"Mike Yastrzemski","2 Tms",104,0.067307692,0.211538461,0.318181818,0.138297872,0.203883495,0.223404255,0.42728775,0.085106383,0.154929577,2.304727218638666,-9.98367432545542,0.1949808047813119,19.779808434215422,14854
2025,"Victor Caratini","HOU",62,0.016129032,0.258064516,0.0625,0.207547169,0.306451612,0.433962264,0.740413876,0.226415095,0.228571428,7.827564572756975,0.5017867291624234,0.3230234259559262,107.63788102842358,14968
2025,"Ryan McMahon","2 Tms",129,0.093023255,0.317829457,0.292682926,0.184210526,0.271317829,0.263157894,0.534475723,0.078947368,0.263888888,8.184808601619936,-7.057535621342919,0.2456708786099456,43.79465269226684,15112
2025,"Mitch Garver","SEA",156,0.115384615,0.237179487,0.486486486,0.233082706,0.326923076,0.390977443,0.717900519,0.157894737,0.276595744,18.421216962849652,-0.011385353291476087,0.3129652069460961,106.66527625898871,15161
2025,"Adam Frazier","2 Tms",67,0.059701492,0.313432835,0.19047619,0.2,0.272727272,0.333333333,0.606060605,0.133333333,0.289473684,5.5146933462795635,-2.4018730330887412,0.2697262167930603,67.34867439113596,15223
2025,"Mike Tauchman","CHW",71,0.14084507,0.253521126,0.555555555,0.220338983,0.352112676,0.423728813,0.775841489,0.20338983,0.263157894,10.157023074943663,1.767825866956354,0.34372242823453014,121.06411882323418,15274
2025,"Jeff McNeil","NYM",107,0.130841121,0.14953271,0.875,0.235955056,0.352380952,0.359550561,0.711931513,0.123595505,0.277777777,13.323278041073305,0.6804033755149664,0.320887185278393,108.70423751894805,15362
2025,"J.P. Crawford","SEA",213,0.117370892,0.187793427,0.625,0.234972677,0.333333333,0.344262295,0.677595628,0.109289618,0.280575539,23.940443217075014,-1.2271484068869112,0.305959119115557,101.8390445453871,15491
2025,"Amed Rosario","2 Tms",122,0.040983606,0.122950819,0.333333333,0.301724137,0.327868852,0.49137931,0.819248162,0.189655173,0.31632653,18.03953218206124,3.6242919091816397,0.34964474107398363,125.45941199547637,15518
2025,"Aaron Judge","NYY",161,0.229813664,0.229813664,1,0.341463414,0.490683229,0.788617886,1.279301115,0.447154472,0.366197183,42.519644765624086,23.496253913709204,0.49280455386895927,225.1466465967111,15640
2025,"Tyler O'Neill","BAL",59,0.101694915,0.305084745,0.333333333,0.156862745,0.254237288,0.392156862,0.64639415,0.235294117,0.133333333,5.073197380229352,-1.8981073419009462,0.27343061669119473,74.34429999730115,15711
2025,"Miguel Andujar","2 Tms",93,0.032258064,0.17204301,0.1875,0.388888888,0.40860215,0.577777777,0.986379927,0.188888889,0.442857142,19.15942583099794,8.170759065606113,0.42102892372919165,170.68857181508346,15878
2025,"Luis Torrens","NYM",74,0.04054054,0.229729729,0.176470588,0.242857142,0.283783783,0.357142857,0.64092664,0.114285715,0.320754716,6.755040529706921,-1.9886297997446398,0.2799559316119632,80.66501240436088,15905
2025,"Willy Adames","SFG",180,0.1,0.3,0.333333333,0.201257861,0.277777777,0.427672955,0.705450732,0.226415094,0.224489795,19.6965076009637,-1.571879686891451,0.30229932500256435,95.06326232350835,15986
2025,"Cody Bellinger","NYY",176,0.102272727,0.096590909,1.058823529,0.352941176,0.414772727,0.601307189,1.016079916,0.248366013,0.348484848,37.082959053349505,16.28720259411336,0.4270351010967385,179.8405319100083,15998
2025,"Austin Slater","2 Tms",93,0.086021505,0.301075268,0.285714285,0.223529411,0.29032258,0.435294117,0.725616697,0.211764706,0.269230769,11.013073202165783,0.02440643677395604,0.3133783314817695,100.3995598082032,16153
2025,"Trea Turner","PHI",205,0.068292682,0.15609756,0.4375,0.322751322,0.375609756,0.46031746,0.835927216,0.137566138,0.372549019,32.44618491440632,8.223854947682396,0.3624652755611083,132.27502089564612,16252
2025,"Michael Conforto","LAD",78,0.102564102,0.256410256,0.4,0.246153846,0.371794871,0.384615384,0.756410255,0.138461538,0.34090909,11.01516590923994,1.7988647511693765,0.3414603563455435,120.00563200991263,16376
2025,"Ryan O'Hearn","2 Tms",109,0.082568807,0.247706422,0.333333333,0.278350515,0.357798165,0.474226804,0.832024969,0.195876289,0.358208955,17.113533684712127,4.234343604844286,0.3609020671713243,135.27108392990664,16442
2025,"Rhys Hoskins","MIL",102,0.137254901,0.264705882,0.518518518,0.220930232,0.323529411,0.406976744,0.730506155,0.186046512,0.263157894,12.244417235679244,0.19233110589466082,0.31537753638654653,102.38351055234325,16472
2025,"Kyle Schwarber","PHI",276,0.130434782,0.278985507,0.467532467,0.252136752,0.365942028,0.598290598,0.964232626,0.346153846,0.268656716,53.56778311256958,20.95625593785835,0.4065740099851636,162.49092251729567,16478
2025,"Matt Chapman","SFG",125,0.136,0.184,0.739130434,0.224299065,0.328,0.345794392,0.673794392,0.121495327,0.25609756,13.432222245088814,-1.3374911492550376,0.299876302000015,93.40341364210757,16505
2025,"Isiah Kiner-Falefa","2 Tms",124,0.016129032,0.161290322,0.1,0.226890756,0.25,0.285714285,0.535714285,0.058823529,0.25510204,6.949156211695084,-7.702399475494018,0.2365484478012208,46.18406334053328,16512
2025,"Mauricio Dubon","HOU",115,0.060869565,0.095652173,0.636363636,0.29245283,0.342105263,0.405660377,0.74776564,0.113207547,0.319148936,14.988317755828904,1.4001814330325602,0.3280513009481263,111.10139594949094,16530
2025,"Danny Jansen","2 Tms",119,0.176470588,0.319327731,0.552631578,0.197916666,0.336134453,0.40625,0.742384453,0.208333334,0.254545454,15.405313680996047,1.344546529580697,0.32697139567687733,109.33191329135667,16535
2025,"Ozzie Albies","ATL",186,0.032258064,0.096774193,0.333333333,0.276836158,0.295698924,0.412429378,0.708128302,0.13559322,0.284810126,20.179201511256487,-1.7981320195271668,0.3011480676161276,91.41033149849524,16556
2025,"Yandy Diaz","TBR",181,0.104972375,0.08839779,1.1875,0.284810126,0.364640883,0.556962025,0.921602908,0.272151899,0.255639097,32.28198389435147,10.895438899341574,0.38719653317382213,150.3867745104308,16578
2025,"Luis Urias","ATH",68,0.088235294,0.102941176,0.857142857,0.183333333,0.268656716,0.233333333,0.501990049,0.05,0.192307692,3.7152215458775055,-4.3195025406455505,0.23481675315259107,43.480840894312735,16622
2025,"Jose Trevino","CIN",79,0.050632911,0.088607594,0.571428571,0.189189189,0.227848101,0.31081081,0.538658911,0.121621621,0.19402985,4.268426783175049,-5.066032082050266,0.23407172477698024,41.05170444919732,16725
2025,"Jonah Heim","TEX",132,0.075757575,0.234848484,0.322580645,0.210084033,0.265151515,0.336134453,0.601285968,0.12605042,0.24137931,10.22225152914706,-5.37456581528005,0.26290586590766907,67.05522124215506,16930
2025,"Derek Hill","2 Tms",63,0.079365079,0.333333333,0.238095238,0.185185185,0.278688524,0.296296296,0.57498482,0.111111111,0.28125,4.823005374944207,-2.620930175805096,0.2621247973598418,63.69608901572193,16947
2025,"Gleyber Torres","DET",173,0.16184971,0.12716763,1.272727272,0.279720279,0.393063583,0.503496503,0.896560086,0.223776224,0.284482758,30.711109638719396,10.269826300947503,0.38617099778500596,150.3117787363212,16997
2025,"Edmundo Sosa","PHI",116,0.051724137,0.24137931,0.214285714,0.317757009,0.362068965,0.53271028,0.894779245,0.214953271,0.378378378,20.248953743338852,6.5426597133877555,0.38252411885508175,146.0159736463613,17022
2025,"Jose Herrera","ARI",59,0.101694915,0.305084745,0.333333333,0.26,0.333333333,0.32,0.653333333,0.06,0.393939393,6.033947411059488,-0.9373573110708104,0.29348702807175486,85.64896424889261,17040
2025,"Ramon Laureano","2 Tms",159,0.081761006,0.194968553,0.419354838,0.28169014,0.345911949,0.52112676,0.867038709,0.23943662,0.298076923,25.757179583214757,6.970104145609378,0.36721635317500634,139.42192637531727,17128
2025,"Willi Castro","2 Tms",113,0.053097345,0.194690265,0.272727272,0.25,0.309734513,0.442307692,0.752042205,0.192307692,0.282051282,14.506503473579711,1.154682565092866,0.3256408450877772,108.53105346811293,17338
2025,"Rafael Devers","2 Tms",240,0.091666666,0.270833333,0.338461538,0.240566037,0.325,0.415094339,0.740094339,0.174528302,0.302158273,29.866316257136525,1.5084665399963262,0.32001052828277715,104.65233175346269,17350
2025,"Taylor Ward","LAA",116,0.112068965,0.284482758,0.393939393,0.262135922,0.344827586,0.572815533,0.917643119,0.310679611,0.317460317,20.479971217091922,6.7736771871408274,0.3849770291991856,148.56192099771596,17548
2025,"Myles Straw","TOR",146,0.06849315,0.191780821,0.357142857,0.270676691,0.321678321,0.360902255,0.682580576,0.090225564,0.336538461,15.920745898492275,-1.3302793461013447,0.30183272178356463,93.06873707083801,17620
2025,"Alex Bregman","BOS",133,0.142857142,0.150375939,0.95,0.31858407,0.421052631,0.433628318,0.854680949,0.115044248,0.366666666,22.45536084187518,6.740385790293322,0.3754756992099849,138.9988684519365,17678
2025,"Andrew Benintendi","CHW",92,0.010869565,0.228260869,0.047619047,0.275862068,0.285714285,0.56321839,0.848932675,0.287356322,0.29032258,13.811536780635658,2.9410277223985832,0.35242878866719674,127.06160470216139,17901
2025,"Ian Happ","CHC",182,0.115384615,0.23076923,0.5,0.23125,0.318681318,0.36875,0.687431318,0.1375,0.280701754,20.332211159378392,-1.1724915427862594,0.305120349585355,96.39465776230787,17919
2025,"Cedric Mullins","2 Tms",132,0.113636363,0.159090909,0.714285714,0.267857142,0.353846153,0.428571428,0.782417581,0.160714286,0.3,18.520159419526802,2.923342075099696,0.34092650000865643,120.90509322261212,17929
2025,"Ty France","2 Tms",141,0.042553191,0.163120567,0.260869565,0.244274809,0.29787234,0.389312977,0.687185317,0.145038168,0.276190476,14.956802799576106,-1.7034339092437603,0.29816861408097406,89.54487325902785,17982
2025,"Tyler Stephenson","CIN",74,0.162162162,0.216216216,0.75,0.245901639,0.378378378,0.44262295,0.821001328,0.196721311,0.302325581,11.409294088163323,2.6656237587117624,0.3574222922325134,125.5508101224353,17988
2025,"Paul DeJong","WSN",69,0.04347826,0.405797101,0.107142857,0.184615384,0.217391304,0.446153846,0.66354515,0.261538462,0.212121212,6.185236056276134,-1.9676457374016731,0.27793201329051587,75.99759888922574,18015
2025,"Harrison Bader","2 Tms",157,0.076433121,0.356687898,0.214285714,0.226950354,0.299363057,0.390070921,0.689433978,0.163120567,0.325,17.194558160114976,-1.3562018631809014,0.30241563973153474,91.75307434904308,18030
2025,"Jake Cronenworth","SDP",165,0.127272727,0.193939393,0.65625,0.2481203,0.372670807,0.353383458,0.726054265,0.105263158,0.303030303,21.89669512072489,2.4006734401910053,0.3309753444624243,116.05254743999436,18036
2025,"Dylan Moore","2 Tms",132,0.113636363,0.378787878,0.3,0.166666666,0.265151515,0.324561403,0.589712918,0.157894737,0.216666666,10.29273439172324,-5.304082952703871,0.2635635304631609,71.74113502162133,18042
2025,"Sam Haggerty","TEX",94,0.074468085,0.191489361,0.388888888,0.317647058,0.376344086,0.435294117,0.811638203,0.117647059,0.402985074,14.023764806851897,2.9169403343053193,0.35127543625624286,127.92971115000145,18054
2025,"Nathan Lukes","TOR",53,0.113207547,0.226415094,0.5,0.238095238,0.34,0.357142857,0.697142857,0.119047619,0.322580645,6.13595886065717,-0.12639961854462384,0.3101176869869232,98.77593954641111,18123
2025,"Dansby Swanson","CHC",138,0.065217391,0.289855072,0.225,0.286821705,0.333333333,0.496124031,0.829457364,0.209302326,0.365853658,20.8507982049437,4.545034617588086,0.353620234632144,129.61863878035936,18314
2025,"Kyle Tucker","CHC",193,0.119170984,0.160621761,0.741935483,0.269461077,0.364583333,0.461077844,0.825661177,0.191616767,0.2890625,30.239137555977752,7.434700075110846,0.36050124807904166,134.33235428554323,18345
2025,"Austin Riley","ATL",101,0.04950495,0.217821782,0.227272727,0.260416666,0.297029702,0.416666666,0.713696368,0.15625,0.3,11.631514506574021,-0.3024139160558125,0.3093672312132203,97.04072289160115,18360
2025,"Ryan Mountcastle","BAL",90,0.044444444,0.255555555,0.173913043,0.261904761,0.3,0.297619047,0.597619047,0.035714286,0.354838709,7.252405999163845,-3.381787644763729,0.26677453253004285,69.75917271315163,18373
2025,"Ronald Acuna Jr.","ATL",125,0.208,0.288,0.722222222,0.252525252,0.408,0.424242424,0.832242424,0.171717172,0.355932203,20.49576835532749,5.726054960983635,0.36947604004413853,138.21719004589457,18401
2025,"Trent Grisham","NYY",155,0.13548387,0.264516129,0.512195121,0.181818181,0.303225806,0.348484848,0.651710654,0.166666667,0.202380952,15.93932623896576,-2.3751183700206178,0.29418177412402247,88.32284680501401,18564
2025,"Luis Arraez","SDP",204,0.039215686,0.049019607,0.8,0.262295081,0.293814432,0.349726775,0.643541207,0.087431694,0.257309941,18.960307512111605,-5.143864747457561,0.2819984767240347,82.50181793838685,18568
2025,"Ke'Bryan Hayes","2 Tms",121,0.057851239,0.20661157,0.28,0.21238938,0.256198347,0.256637168,0.512835515,0.044247788,0.269662921,5.772908373308603,-8.524174192416247,0.22645189513762792,37.947549061994074,18577
2025,"Ramon Urias","2 Tms",118,0.084745762,0.262711864,0.322580645,0.261682242,0.322033898,0.420560747,0.742594645,0.158878505,0.328767123,14.875726075606604,0.9331166313460066,0.32279486928955986,108.06962288156483,18795
2025,"Andy Ibanez","DET",135,0.066666666,0.162962962,0.409090909,0.258064516,0.311111111,0.403225806,0.714336917,0.14516129,0.282828282,15.75421904473102,-0.19707142116034168,0.3112571186489529,98.7064109447046,18819
2025,"Josh Naylor","2 Tms",192,0.046875,0.177083333,0.264705882,0.287292817,0.322916666,0.436464088,0.759380754,0.149171271,0.323943661,25.075538086326706,2.3892583126145466,0.32838208228349686,112.2366689888441,18839
2025,"Jahmai Jones","DET",122,0.122950819,0.229508196,0.535714285,0.288461538,0.393442622,0.576923076,0.970365698,0.288461538,0.333333333,24.11645295339566,9.70121268051606,0.4109953075401054,167.41231671217932,18872
2025,"Brandon Lowe","TBR",147,0.034013605,0.306122448,0.111111111,0.194244604,0.231292517,0.316546762,0.547839279,0.122302158,0.244444444,8.618364233837971,-8.7508187179104,0.23973446841142615,48.80567665332733,18882
2025,"Will Smith","LAD",112,0.160714285,0.232142857,0.692307692,0.258064516,0.383928571,0.451612903,0.835541474,0.193548387,0.317460317,18.203953923135636,4.9702907218035435,0.36771371055926594,137.99002395672707,19197
2025,"Lourdes Gurriel Jr.","ARI",156,0.083333333,0.076923076,1.083333333,0.295774647,0.352564102,0.429577464,0.782141566,0.133802817,0.293650793,22.059266948998555,3.626664632857429,0.3416888087223738,118.66873416850133,19238
2025,"Pete Alonso","NYM",204,0.088235294,0.299019607,0.295081967,0.226519337,0.308823529,0.419889502,0.728713031,0.193370165,0.285714285,23.68069478839416,-0.4234774711750086,0.3104983085393906,101.58752284544913,19251
2025,"Adolis Garcia","TEX",145,0.055172413,0.303448275,0.181818181,0.198529411,0.248275862,0.352941176,0.601217038,0.154411765,0.252873563,10.837575619514169,-6.295291917924701,0.2595810939868291,64.76491029074134,19287
2025,"Randy Arozarena","SEA",203,0.054187192,0.251231527,0.215686274,0.241935483,0.295566502,0.456989247,0.752555749,0.215053764,0.28125,25.45975721695746,1.4737426645430425,0.32199680540949255,112.88680644571573,19290
2025,"Alex Call","2 Tms",119,0.06722689,0.184873949,0.363636363,0.285714285,0.327586206,0.447619047,0.775205253,0.161904762,0.31707317,15.89223246290175,1.831465311486404,0.33165183303685025,113.19968246659026,19296
2025,"Bryan Reynolds","PIT",167,0.107784431,0.293413173,0.367346938,0.256756756,0.335329341,0.439189189,0.77451853,0.182432433,0.340425531,22.942292216829358,3.20995512198597,0.3367294076673999,114.3721029169716,19326
2025,"Eli White","ATL",96,0.0625,0.25,0.25,0.244444444,0.291666666,0.444444444,0.73611111,0.2,0.278688524,11.354320806128346,0.011180919272267227,0.3131985482416655,99.66529827161283,19346
2025,"Sean Murphy","ATL",116,0.155172413,0.327586206,0.47368421,0.197916666,0.336206896,0.46875,0.804956896,0.270833334,0.235294117,16.89765967315634,3.1913656432052453,0.34694055992624034,122.77966142191083,19352
2025,"Weston Wilson","PHI",82,0.109756097,0.292682926,0.375,0.194444444,0.292682926,0.361111111,0.653794037,0.166666667,0.244444444,8.229447537974465,-1.459484448715101,0.2911330839482749,83.41017559066337,19358
2025,"Austin Hays","CIN",105,0.114285714,0.228571428,0.5,0.318681318,0.4,0.549450549,0.949450549,0.230769231,0.409090909,19.867936320654454,7.461377069405615,0.40057856704180056,155.1142462767752,19363
2025,"Zach McKinstry","DET",119,0.058823529,0.218487394,0.269230769,0.296296296,0.344537815,0.509259259,0.853797074,0.212962963,0.373493975,18.570777403052787,4.510010251637437,0.3597345126777136,132.10067349370337,19392
2025,"Andruw Monasterio","MIL",50,0.1,0.2,0.5,0.272727272,0.36,0.477272727,0.837272727,0.204545455,0.3125,7.965552802439481,2.0576674447019396,0.36374249815940857,135.51506478860924,19455
2025,"Tommy Edman","LAD",122,0.032786885,0.180327868,0.181818181,0.215517241,0.25409836,0.439655172,0.693753532,0.224137931,0.206896551,12.799889752438656,-1.6153505204409444,0.2967470576528643,89.37558442141027,19470
2025,"TJ Friedl","CIN",198,0.09090909,0.176767676,0.514285714,0.242774566,0.329949238,0.341040462,0.6709897,0.098265896,0.281481481,21.663690603965744,-1.7315354126749198,0.30228397416584385,87.77928899311664,19522
2025,"Nathaniel Lowe","2 Tms",171,0.087719298,0.298245614,0.294117647,0.167741935,0.239766081,0.264516129,0.50428221,0.096774194,0.233009708,8.33582932039511,-11.869138603067281,0.22756458479061462,41.01161491875824,19566
2025,"Otto Lopez","MIA",191,0.062827225,0.157068062,0.4,0.196629213,0.246073298,0.275280898,0.521354196,0.078651685,0.219178082,9.772632279663584,-12.795489786893823,0.23054285739597521,42.1733845658403,19608
2025,"Keibert Ruiz","WSN",54,0.037037037,0.074074074,0.5,0.294117647,0.333333333,0.392156862,0.725490195,0.098039215,0.304347826,6.648758284117212,0.2682420977606679,0.3191733592086368,104.2492471688182,19610
2025,"Vladimir Guerrero Jr.","TOR",159,0.144654088,0.125786163,1.15,0.325925925,0.427672955,0.518518518,0.946191473,0.192592593,0.348623853,30.48787896907268,11.700803531467297,0.40369374136770925,163.23698145880033,19611
2025,"Bo Bichette","TOR",139,0.050359712,0.100719424,0.5,0.307692307,0.345323741,0.546153846,0.891477587,0.238461539,0.3,23.316626099082885,6.892704804572523,0.3741309751559348,142.87229815992163,19612
2025,"Brent Rooker","ATH",161,0.130434782,0.161490683,0.807692307,0.292857142,0.385093167,0.5,0.885093167,0.207142858,0.330275229,27.126492849360144,8.103101997445261,0.37504490203918167,140.07876482357068,19627
2025,"Fernando Tatis Jr.","SDP",185,0.167567567,0.183783783,0.911764705,0.228758169,0.356756756,0.366013071,0.722769827,0.137254902,0.260869565,21.934499404561294,0.07532358093239147,0.31355657857223596,104.12013261601703,19709
2025,"Carlos Narvaez","BOS",130,0.115384615,0.215384615,0.535714285,0.24347826,0.33076923,0.4,0.73076923,0.15652174,0.289156626,16.350715110362916,0.9902131802453105,0.3224367687335381,102.46233415313037,19722
2025,"Shohei Ohtani","LAD",244,0.090163934,0.274590163,0.328358208,0.279279279,0.344262295,0.554054054,0.898316349,0.274774775,0.335714285,42.07599890364859,13.24551835788939,0.37991626713992144,146.3491676498777,19755
2025,"Abraham Toro","BOS",78,0.038461538,0.128205128,0.3,0.253521126,0.294871794,0.352112676,0.64698447,0.09859155,0.274193548,7.281588080031911,-1.9347130780386528,0.28250470528235805,74.95463004220308,19844
2025,"Luis Rengifo","LAA",101,0.02970297,0.198019801,0.15,0.224489795,0.247524752,0.37755102,0.625075772,0.153061225,0.253333333,8.261624984614686,-3.6723034380151476,0.2682722181376844,68.1683441687535,19858
2025,"Riley Adams","WSN",97,0.06185567,0.402061855,0.153846153,0.16091954,0.24742268,0.287356321,0.534779001,0.126436781,0.244444444,5.964248520878097,-5.497049073132733,0.24325553350841878,52.2430950395405,19864
2025,"Gavin Sheets","SDP",153,0.065359477,0.183006535,0.357142857,0.255319148,0.300653594,0.368794326,0.66944792,0.113475178,0.300884955,15.441216021555055,-2.6369131731218194,0.2918275793393453,89.23506933476679,19901
2025,"Jesus Sanchez","2 Tms",75,0.053333333,0.28,0.19047619,0.159420289,0.226666666,0.246376811,0.473043477,0.086956522,0.212765957,2.9360502013587975,-5.925777835247515,0.21574028889338176,32.52169999486313,19913
2025,"Daulton Varsho","TOR",56,0.071428571,0.25,0.285714285,0.26,0.321428571,0.38,0.701428571,0.12,0.314285714,6.404473170436413,-0.21235843022963313,0.30838445893355776,97.58198360403851,19918
2025,"Blake Perkins","MIL",54,0.111111111,0.24074074,0.461538461,0.270833333,0.351851851,0.4375,0.789351851,0.166666667,0.333333333,7.812929372641339,1.4324131862847949,0.3457266213717284,123.17360979670569,19921
2025,"Andres Gimenez","TOR",86,0.046511627,0.209302325,0.222222222,0.175,0.232558139,0.2625,0.495058139,0.0875,0.213114754,3.8891931558967694,-6.272369659411801,0.22322372710982033,38.91794246974118,19950
2025,"Josh Lowe","TBR",125,0.064,0.312,0.205128205,0.165217391,0.224,0.234782608,0.458782608,0.069565217,0.236842105,4.126112895776681,-10.64360049856717,0.2081797571182251,27.068816933560964,19953
2025,"Gavin Lux","CIN",63,0.111111111,0.301587301,0.368421052,0.178571428,0.269841269,0.196428571,0.46626984,0.017857143,0.27027027,2.8254680176231175,-4.618467533126184,0.22276249386015393,33.304517565209544,19955
2025,"Mickey Moniak","COL",60,0.083333333,0.316666666,0.263157894,0.222222222,0.283333333,0.314814814,0.598148147,0.092592592,0.314285714,4.781249156511742,-2.308213272773308,0.2656724294026693,53.92638510956763,19956
2025,"Santiago Espinal","CIN",126,0.071428571,0.087301587,0.818181818,0.264957264,0.317460317,0.341880341,0.659340658,0.076923077,0.29245283,12.824513668945322,-2.0633574325532824,0.29288542980239507,81.3409838460571,19997
2025,"Isaac Paredes","HOU",71,0.126760563,0.126760563,1,0.2,0.323943661,0.366666666,0.690610327,0.166666666,0.1875,8.279163804993427,-0.11003340299388112,0.311146295406449,99.45617027758034,20036
2025,"Luis Robert Jr.","CHW",113,0.14159292,0.194690265,0.727272727,0.258064516,0.369369369,0.473118279,0.842487648,0.215053763,0.272727272,17.385616595206745,4.0337956867199045,0.3570224477185143,130.22600451146783,20043
2025,"Juan Soto","NYM",248,0.133064516,0.237903225,0.559322033,0.240384615,0.344129554,0.442307692,0.786437246,0.201923077,0.274647887,35.05273889954509,5.749627525166889,0.3416101440244358,122.90013071234793,20123
2025,"Dylan Carlson","BAL",72,0.055555555,0.263888888,0.210526315,0.205882352,0.25,0.279411764,0.529411764,0.073529412,0.270833333,4.0205195874884225,-4.486835327653637,0.23630084180169636,48.766987604858855,20126
2025,"Miguel Vargas","CHW",154,0.09090909,0.181818181,0.5,0.260869565,0.324675324,0.420289855,0.744965179,0.15942029,0.309090909,19.350921363980714,1.1546344621490838,0.3222897095339639,106.29992099938015,20178
2025,"Brandon Marsh","PHI",88,0.113636363,0.363636363,0.3125,0.197368421,0.287356321,0.289473684,0.576830005,0.092105263,0.302325581,6.780116224690134,-3.6177620049279384,0.2624199417815811,63.740749789044756,20202
2025,"Jo Adell","LAA",104,0.096153846,0.23076923,0.416666666,0.276595744,0.346153846,0.585106382,0.931260228,0.308510638,0.301587301,19.030276695565124,6.741875151471039,0.39289908225719744,154.01912687782976,20220
2025,"Jake Meyers","HOU",71,0.042253521,0.154929577,0.272727272,0.283582089,0.323943661,0.358208955,0.682152616,0.074626866,0.339285714,7.725939543068738,-0.6632576649185712,0.3015492466134085,92.84512251993462,20308
2025,"Ernie Clement","TOR",187,0.042780748,0.101604278,0.421052631,0.325714285,0.351351351,0.548571428,0.899922779,0.222857143,0.335526315,32.15231604265753,10.056824804719131,0.3792941505494325,146.42901646401813,20352
2025,"Luis Garcia Jr.","WSN",107,0.056074766,0.168224299,0.333333333,0.178947368,0.224299065,0.221052631,0.445351696,0.042105263,0.207317073,2.780891738328703,-9.861982927229635,0.19953433486902825,22.292667893574684,20391
2025,"Royce Lewis","MIN",119,0.075630252,0.184873949,0.409090909,0.23853211,0.294117647,0.394495412,0.688613059,0.155963302,0.261904761,12.745423948041909,-1.3153432033734394,0.2994410600982794,90.05959949967354,20437
2025,"Jazz Chisholm Jr.","NYY",147,0.074829931,0.244897959,0.305555555,0.248062015,0.321917808,0.410852713,0.732770521,0.162790698,0.292134831,18.239784182091235,0.8706012303428653,0.32034961899665937,106.34889584345582,20454
2025,"William Contreras","MIL",182,0.148351648,0.175824175,0.84375,0.238410596,0.357142857,0.337748344,0.694891201,0.099337748,0.279661016,21.052506030299423,-0.45219667186522644,0.3099948910361562,98.69622538093,20503
2025,"Nolan Jones","CLE",85,0.070588235,0.376470588,0.1875,0.184210526,0.261904761,0.197368421,0.459273182,0.013157895,0.318181818,3.4873653693381024,-6.556039738815718,0.21805643680549802,35.93927503638352,20529
2025,"Kody Clemens","MIN",89,0.06741573,0.258426966,0.260869565,0.192307692,0.264367816,0.217948717,0.482316533,0.025641025,0.267857142,4.147939498517298,-6.368096438255526,0.22492698759868227,38.72964353771759,20572
2025,"Ivan Herrera","STL",124,0.153225806,0.14516129,1.055555555,0.329896907,0.455284552,0.659793814,1.115078366,0.329896907,0.319444444,29.79017020543913,15.138614518250026,0.4634244329616672,205.19376946995362,20599
2025,"Sean Bouchard","COL",51,0.078431372,0.31372549,0.25,0.191489361,0.25490196,0.255319148,0.510221108,0.063829787,0.266666666,2.694650028804825,-3.331393036087467,0.23260056271272547,31.271092832519862,21270
2025,"Lars Nootbaar","STL",180,0.094444444,0.261111111,0.361702127,0.201257861,0.290502793,0.289308176,0.579810969,0.088050315,0.266055045,14.2754987211288,-6.992888566726348,0.2652054292529655,69.40737718713315,21454
2025,"Nico Hoerner","CHC",149,0.026845637,0.053691275,0.5,0.368794326,0.395973154,0.539007092,0.934980246,0.170212766,0.369230769,28.284336690612015,10.678838324554143,0.4013290513281854,162.300712537314,21479
2025,"Brandon Lockridge","2 Tms",73,0.05479452,0.246575342,0.222222222,0.208955223,0.253521126,0.313432835,0.566953961,0.104477612,0.285714285,4.845169054637553,-3.7803435676592567,0.2488623706387802,58.89792758614131,21496
2025,"Trevor Larnach","MIN",118,0.076271186,0.254237288,0.3,0.235849056,0.296610169,0.311320754,0.607930923,0.075471698,0.311688311,9.938213057807936,-4.004396386452663,0.2712576384261503,70.64509503415204,21501
2025,"Jonathan India","KCR",111,0.09009009,0.207207207,0.434782608,0.242105263,0.336363636,0.336842105,0.673205741,0.094736842,0.295774647,12.363300881799256,-0.7522046123780852,0.3047085317698392,91.42939139257427,21523
2025,"Joey Bart","PIT",86,0.162790697,0.302325581,0.538461538,0.305555555,0.418604651,0.472222222,0.890826873,0.166666667,0.441860465,15.637549961272839,5.475987145964267,0.39148087002510246,151.8786154443308,21524
2025,"Cal Raleigh","SEA",205,0.087804878,0.297560975,0.295081967,0.281081081,0.351219512,0.681081081,1.032300593,0.4,0.294117647,43.46714267024433,19.244812703520413,0.4286808742612016,186.37746897835484,21534
2025,"Nick Fortes","2 Tms",115,0.060869565,0.182608695,0.333333333,0.219047619,0.278260869,0.304761904,0.583022773,0.085714285,0.261904761,8.676963973723446,-4.911172349072899,0.26045553114103237,62.89959512770891,21538
2025,"Romy Gonzalez","BOS",143,0.076923076,0.223776223,0.34375,0.33076923,0.377622377,0.6,0.977622377,0.26923077,0.387096774,28.006928805044765,11.1103766819154,0.40874973065416575,161.9201034806054,21562
2025,"Kyle Isbel","KCR",75,0.066666666,0.266666666,0.25,0.21875,0.295774647,0.25,0.545774647,0.03125,0.318181818,5.2321271165468275,-3.6297009200594847,0.25344711710029927,56.11732121214933,21614
2025,"Alec Bohm","PHI",134,0.074626865,0.149253731,0.5,0.295081967,0.350746268,0.467213114,0.817959382,0.172131147,0.323232323,20.217380428695826,4.384247669959215,0.35335324860330836,126.03298938588357,21618
2025,"Jeremy Pena","HOU",107,0.093457943,0.130841121,0.714285714,0.278350515,0.345794392,0.422680412,0.768474804,0.144329897,0.29113924,14.465214879562366,1.8223402140040292,0.3340319597496177,115.22124798020226,21636
2025,"Oneil Cruz","PIT",125,0.128,0.352,0.363636363,0.101851851,0.224,0.175925925,0.399925925,0.074074074,0.158730158,2.85611305644245,-11.913600337901403,0.1956659779548645,17.739116950321172,21711
2025,"Jonathan Aranda","TBR",98,0.122448979,0.275510204,0.444444444,0.273809523,0.37755102,0.345238095,0.722789115,0.071428572,0.392857142,12.896337605166895,1.316882304001315,0.3296057733954216,110.71465535123619,21837
2025,"Freddy Fermin","2 Tms",108,0.055555555,0.203703703,0.272727272,0.212121212,0.257142857,0.282828282,0.539971139,0.07070707,0.253333333,5.9751874793775706,-6.785844893335518,0.2371873643535834,46.114554171907685,21840
2025,"Bo Naylor","CLE",85,0.082352941,0.152941176,0.538461538,0.171052631,0.238095238,0.263157894,0.501253132,0.092105263,0.177419354,4.041508257148487,-6.001896851005333,0.22608610632873716,41.470613871999475,21865
2025,"Christopher Morel","TBR",159,0.088050314,0.352201257,0.25,0.220689655,0.289308176,0.4,0.689308176,0.179310345,0.313253012,17.186102083732642,-1.6009733538727384,0.3006533811677177,90.77043584760689,21897
2025,"Dane Myers","MIA",117,0.094017094,0.179487179,0.523809523,0.285714285,0.358974358,0.419047619,0.778021977,0.133333334,0.341463414,16.616975078164042,2.792523341058196,0.3424522856361846,118.83494192843604,22054
2025,"Mark Vientos","NYM",136,0.051470588,0.227941176,0.225806451,0.25,0.286764705,0.453125,0.739889705,0.203125,0.29032258,16.316658299093245,0.24721012604713252,0.31529393353882956,104.87268019782931,22184
2025,"Brice Turang","MIL",192,0.078125,0.21875,0.357142857,0.304597701,0.361256544,0.390804597,0.752061141,0.086206896,0.384615384,25.74743585189224,3.0611560781800824,0.33269227612081,114.24466411402075,22186
2025,"Jeremiah Jackson","BAL",54,0.074074074,0.333333333,0.222222222,0.26,0.314814814,0.42,0.734814814,0.16,0.387096774,6.62232871689272,0.2418125305361754,0.3185705343882243,105.43950000166771,22239
2025,"Nolan Gorman","STL",93,0.107526881,0.268817204,0.4,0.219512195,0.301075268,0.43902439,0.740099658,0.219512195,0.245283018,11.449502887469936,0.4608361220781096,0.31915830924946775,106.36683511458405,22263
2025,"Xavier Edwards","MIA",198,0.07070707,0.156565656,0.451612903,0.236263736,0.289340101,0.274725274,0.564065375,0.038461538,0.282894736,13.982494111557195,-9.412731905083469,0.25450261292723836,58.586587652814316,22266
2025,"Jake Burger","TEX",100,0.06,0.18,0.333333333,0.263736263,0.31,0.505494505,0.815494505,0.241758242,0.271428571,14.306698809994561,2.4909280945194787,0.3437351453304291,122.73548691585492,22275
2025,"Nick Allen","ATL",112,0.107142857,0.178571428,0.6,0.216494845,0.3,0.237113402,0.537113402,0.020618557,0.269230769,7.55564074388283,-5.678022457449262,0.25061351331797516,56.79253660809952,22277
2025,"Taylor Walls","TBR",100,0.04,0.22,0.181818181,0.255319148,0.28,0.319148936,0.599148936,0.063829788,0.324324324,7.638703005113262,-4.177067710361821,0.26160735249519346,63.873087937106156,22458
2025,"Heliot Ramos","SFG",189,0.079365079,0.259259259,0.306122448,0.254437869,0.322751322,0.420118343,0.742869665,0.165680474,0.324786324,23.26476230132856,0.9329556490806539,0.31913496434369826,106.59621670797705,22515
2025,"Johnathan Rodriguez","CLE",55,0.09090909,0.272727272,0.333333333,0.24,0.309090909,0.46,0.769090909,0.22,0.303030303,7.2690568626301735,0.7703829691188787,0.3303070729429072,113.26453745129048,22530
2025,"Tyler Freeman","COL",119,0.050420168,0.117647058,0.428571428,0.29090909,0.330508474,0.381818181,0.712326655,0.090909091,0.322916666,13.986464779683491,-0.07430237173185804,0.31228605518906805,85.8582178719713,22532
2025,"Lawrence Butler","ATH",123,0.048780487,0.398373983,0.122448979,0.188034188,0.227642276,0.341880341,0.569522617,0.153846153,0.28125,7.921363513936377,-6.612034466097975,0.24684490857085561,51.766587025373,22542
2025,"Gabriel Arias","CLE",135,0.051851851,0.377777777,0.137254901,0.2109375,0.251851851,0.4140625,0.665914351,0.203125,0.315068493,12.469734139457607,-3.481556326433754,0.28129114900062335,79.49930179858055,22563
2025,"Alejandro Kirk","TOR",144,0.104166666,0.131944444,0.789473684,0.275590551,0.347222222,0.417322834,0.764545056,0.141732283,0.29245283,19.169240069162726,2.154530238878606,0.3314833836955624,113.49396842822918,22581
2025,"Gabriel Moreno","ARI",77,0.103896103,0.142857142,0.727272727,0.279411764,0.35064935,0.397058823,0.747708173,0.117647059,0.315789473,9.769783852278259,0.6716404013624456,0.3237984776496887,106.41328202893185,22664
2025,"Maikel Garcia","KCR",137,0.131386861,0.145985401,0.9,0.313559322,0.404411764,0.516949152,0.921360916,0.20338983,0.357894736,25.58580735858668,9.39820147838582,0.39754776481319876,155.38286466009933,22715
2025,"Geraldo Perdomo","ARI",219,0.118721461,0.06849315,1.733333333,0.34054054,0.41588785,0.486486486,0.902374336,0.145945946,0.341317365,39.831235185563834,13.954697318673404,0.3915372928169286,152.81654890534847,22799
2025,"Oswald Peraza","2 Tms",82,0.073170731,0.353658536,0.206896551,0.105263157,0.170731707,0.144736842,0.315468549,0.039473685,0.170212765,-1.1530728297991537,-10.842004816488721,0.15020404283593342,-11.448682191702817,22823
2025,"Alexander Canario","PIT",108,0.074074074,0.342592592,0.216216216,0.191919191,0.25,0.343434343,0.593434343,0.151515152,0.254237288,8.065132892186167,-4.695899480526924,0.2595013501467528,61.46839985351779,22842
2025,"Wenceel Perez","DET",108,0.064814814,0.212962962,0.304347826,0.285714285,0.324074074,0.540816326,0.8648904,0.255102041,0.315068493,16.929311181633874,4.1682788089207845,0.3605916676697908,132.69113548994076,22857
2025,"Lenyn Sosa","CHW",140,0.028571428,0.207142857,0.137931034,0.276119402,0.3,0.440298507,0.740298507,0.164179105,0.316831683,17.08689400761555,0.5448150059504377,0.3178481910909925,103.24032516151782,22896
2025,"Yainer Diaz","HOU",120,0.05,0.208333333,0.24,0.256637168,0.291666666,0.433628318,0.725294984,0.17699115,0.277108433,13.422773502085786,-0.7561513564843121,0.30529401514489773,95.42475341864977,23003
2025,"Eric Wagaman","MIA",184,0.054347826,0.195652173,0.277777777,0.283236994,0.320652173,0.462427745,0.783079918,0.179190751,0.330827067,25.15161405290781,3.4105959364336575,0.3358851700373318,114.33625654414811,23395
2025,"Jose Caballero","2 Tms",123,0.138211382,0.292682926,0.472222222,0.25,0.360655737,0.451923076,0.812578813,0.201923076,0.34375,18.80249223063888,4.269094250604529,0.35515413518811834,129.26836822871678,23401
2025,"Davis Schneider","TOR",128,0.1484375,0.2890625,0.513513513,0.214953271,0.34375,0.364485981,0.708235981,0.14953271,0.287878787,15.859171331925166,0.7349848161170607,0.3201274396851659,105.67128357949484,23565
2025,"Brayan Rocchio","CLE",116,0.068965517,0.284482758,0.242424242,0.224489795,0.309734513,0.346938775,0.656673288,0.12244898,0.307692307,11.765295623644509,-1.9409984063065875,0.29244585585805166,87.18336190364889,23690
2025,"Julio Rodriguez","SEA",186,0.075268817,0.241935483,0.311111111,0.255813953,0.311827956,0.494186046,0.806014002,0.238372093,0.29059829,25.580313664020053,3.6029801332364015,0.33691363216756465,123.1624501583595,23697
2025,"Ezequiel Duran","TEX",94,0.021276595,0.308510638,0.068965517,0.23076923,0.255319148,0.285714285,0.541033433,0.054945055,0.338709677,5.469064077858536,-5.6377603946880415,0.2391841633522764,50.71422810267116,23733
2025,"Wilyer Abreu","BOS",68,0.088235294,0.205882352,0.428571428,0.229508196,0.298507462,0.37704918,0.675556642,0.147540984,0.282608695,7.128272757017728,-0.9064513295053284,0.29663671397451147,84.6896419599336,23772
2025,"Blaze Alexander","ARI",85,0.129411764,0.282352941,0.458333333,0.239436619,0.357142857,0.422535211,0.779678068,0.183098592,0.333333333,12.19168900694401,2.14828389879019,0.34418427092688425,120.37820603289727,23789
2025,"Alek Thomas","ARI",88,0.022727272,0.227272727,0.1,0.2375,0.261904761,0.3375,0.599404761,0.1,0.288135593,6.675240236711995,-3.722637992906077,0.2609520696458362,63.361471399723875,23792
2025,"Curtis Mead","2 Tms",126,0.071428571,0.182539682,0.391304347,0.205357142,0.285714285,0.267857142,0.553571427,0.0625,0.247191011,8.876536567108001,-6.011334534390603,0.2542932851920052,59.05296452348557,23986
2025,"Ezequiel Tovar","COL",90,0.1,0.277777777,0.36,0.275,0.348314606,0.4,0.748314606,0.125,0.37735849,11.917032078266006,1.2828384343384311,0.3306110461106461,98.4114259867354,24064
2025,"Jhonkensy Noel","CLE",86,0.023255813,0.372093023,0.0625,0.180722891,0.197674418,0.337349397,0.535023815,0.156626506,0.229166666,4.223128389009249,-5.938434426299322,0.2280062672703765,42.79334088540689,24257
2025,"Ceddanne Rafaela","BOS",163,0.042944785,0.202453987,0.212121212,0.22,0.265432098,0.413333333,0.678765431,0.193333333,0.232142857,16.33170919741754,-2.927997068806848,0.2909303738011254,80.75875776614015,24262
2025,"Johan Rojas","PHI",75,0.08,0.2,0.4,0.223880597,0.287671232,0.313432835,0.601104067,0.089552238,0.274509803,6.158008763236246,-2.703819273370065,0.26865220886387237,68.01005317072732,24336
2025,"Max Schuemann","ATH",65,0.107692307,0.107692307,1,0.160714285,0.265625,0.196428571,0.462053571,0.035714286,0.183673469,2.9041337486317063,-4.776117216427098,0.22255345713347197,35.03311520312579,24488
2025,"Addison Barger","TOR",89,0.06741573,0.303370786,0.222222222,0.216867469,0.269662921,0.337349397,0.607012318,0.120481928,0.309090909,7.166871863341984,-3.3491640734308388,0.26670600390166377,68.87125568937455,24598
2025,"Michael Helman","TEX",50,0.04,0.22,0.181818181,0.173913043,0.224489795,0.413043478,0.637533273,0.239130435,0.15625,4.274795996314402,-1.6330893614231394,0.2728265110327273,73.88918240279602,24605
2025,"Steven Kwan","CLE",224,0.066964285,0.089285714,0.75,0.246305418,0.30044843,0.280788177,0.581236607,0.034482759,0.268817204,16.91039613315607,-9.556930269508115,0.2605060040950775,65.18119332758926,24610
2025,"Jarren Duran","BOS",209,0.047846889,0.272727272,0.175438596,0.211340206,0.259615384,0.340206185,0.599821569,0.128865979,0.281481481,15.996201654927411,-8.698759140415511,0.2617918814604099,60.686340859188704,24617
2025,"Ryan Jeffers","MIN",145,0.186206896,0.158620689,1.173913043,0.3125,0.462068965,0.419642857,0.881711822,0.107142857,0.375,26.879302542565117,9.74643500512625,0.39584409528308445,156.46804269222196,24618
2025,"Brendan Donovan","STL",169,0.065088757,0.171597633,0.379310344,0.230263157,0.291666666,0.322368421,0.614035087,0.092105264,0.268292682,14.521230394107697,-5.447422115045192,0.2733543071718443,74.98962063026833,24679
2025,"Jonah Bride","2 Tms",67,0.119402985,0.283582089,0.421052631,0.189655172,0.283582089,0.206896551,0.49047864,0.017241379,0.275,3.1256305032056084,-4.790935876162697,0.2260067110711878,38.722614876056966,24703
2025,"Logan O'Hoppe","LAA",80,0.0625,0.2375,0.263157894,0.256756756,0.3125,0.432432432,0.744932432,0.175675676,0.294117647,10.175644951761885,0.7230283793818202,0.3241867646574974,106.68578274400053,24729
2025,"Andy Pages","LAD",154,0.038961038,0.227272727,0.171428571,0.31292517,0.344155844,0.428571428,0.772727272,0.115646258,0.394495412,21.177951356601692,2.9816644547700664,0.336902050228862,116.88304572441956,24816
2025,"Heriberto Hernandez","MIA",124,0.120967741,0.29032258,0.416666666,0.259259259,0.346774193,0.435185185,0.781959378,0.175925926,0.347826086,17.466794699779875,2.8152390125907742,0.34101839796189337,117.85268275758006,24878
2025,"David Fry","CLE",120,0.041666666,0.366666666,0.113636363,0.17699115,0.225,0.371681415,0.596681415,0.194690265,0.222222222,8.81345645204157,-5.365468406528528,0.25798431783914566,63.44409803639375,24934
2025,"Vinny Capra","2 Tms",56,0,0.25,0,0.153846153,0.166666666,0.211538461,0.378205127,0.057692308,0.184210526,-0.09369085609031318,-6.71052245675636,0.16549119022157457,-0.9036346361613636,25040
2025,"Daniel Schneemann","CLE",62,0.112903225,0.354838709,0.318181818,0.150943396,0.258064516,0.16981132,0.427875836,0.018867924,0.25,2.115051671102234,-5.2107261724923175,0.20954054882449488,30.072998501247096,25180
2025,"Isaac Collins","MIL",145,0.096551724,0.206896551,0.466666666,0.232,0.324137931,0.408,0.732137931,0.176,0.268817204,17.981234621552627,0.8483670841137579,0.32026136990251214,105.72909357533864,25477
2025,"Brenton Doyle","COL",136,0.073529411,0.205882352,0.357142857,0.306451612,0.355555555,0.483870967,0.839426522,0.177419355,0.358695652,21.39283839883765,5.323390225791539,0.3612658858299255,119.41097705705654,25479
2025,"Joey Ortiz","MIL",143,0.027972027,0.139860139,0.2,0.288888888,0.319148936,0.414814814,0.73396375,0.125925926,0.327433628,17.572717721219725,0.6761655980903574,0.3188789706703619,104.78210564322252,25493
2025,"Bobby Witt Jr.","KCR",146,0.089041095,0.205479452,0.433333333,0.328244274,0.390410958,0.488549618,0.878960576,0.160305344,0.415841584,23.768190591692274,6.517165347098655,0.3680345893751645,135.0523425893862,25764
2025,"CJ Abrams","WSN",200,0.04,0.265,0.150943396,0.231182795,0.28,0.338709677,0.618709677,0.107526882,0.3,17.14837150889823,-6.483169922051936,0.27312942534685136,72.70767169612209,25768
2025,"Pedro Pages","STL",113,0.061946902,0.309734513,0.2,0.242718446,0.292035398,0.3592233,0.651258698,0.116504854,0.338235294,10.399778560882613,-2.952042347604231,0.2808785853641374,80.14399317350464,25782
2025,"Jared Triolo","PIT",122,0.081967213,0.172131147,0.476190476,0.275229357,0.338842975,0.458715596,0.797558571,0.183486239,0.313953488,17.144881001961494,2.7296407290818956,0.3406126409769058,117.03224261914251,25807
2025,"Shea Langeliers","ATH",123,0.016260162,0.211382113,0.076923076,0.366666666,0.373983739,0.666666666,1.040650405,0.3,0.4,27.093544807253224,12.56014682721887,0.4388272345550661,184.01602673082823,25816
2025,"Michael Toglia","COL",96,0.041666666,0.302083333,0.137931034,0.222222222,0.25,0.422222222,0.672222222,0.2,0.283333333,9.00026176481049,-2.3428781220455885,0.2829961832612753,65.7937136363149,25845
2025,"Corbin Carroll","ARI",201,0.089552238,0.218905472,0.409090909,0.245810055,0.323383084,0.486033519,0.809416603,0.240223464,0.28125,28.849303064805316,5.099603926700403,0.3443040332198143,120.46024705512126,25878
2025,"Michael Harris II","ATL",183,0.027322404,0.213114754,0.128205128,0.239766081,0.26519337,0.380116959,0.645310329,0.140350878,0.287878787,16.134781562791083,-5.4880788465283175,0.27611788827411377,74.26385367622355,25931
2025,"Kerry Carpenter","DET",63,0.031746031,0.222222222,0.142857142,0.216666666,0.238095238,0.4,0.638095238,0.183333334,0.227272727,5.280832841188877,-2.163102709560426,0.27076570760636104,70.81339321084053,25961
2025,"Riley Greene","DET",200,0.085,0.3,0.283333333,0.217877094,0.29,0.329608938,0.619608938,0.111731844,0.299145299,17.606230958871556,-6.025310472078608,0.27594908714294436,74.38402939299746,25976
2025,"Francisco Alvarez","NYM",66,0.151515151,0.212121212,0.714285714,0.267857142,0.378787878,0.571428571,0.950216449,0.303571429,0.307692307,12.567089406878102,4.768680734664549,0.4020467247023727,164.3011321230235,26121
2025,"Brett Baty","NYM",83,0.048192771,0.228915662,0.210526315,0.246753246,0.301204819,0.376623376,0.677828195,0.12987013,0.29090909,8.85486375673703,-0.9522259371072885,0.29892462348363485,93.65917637142397,26123
2025,"Kyle Stowers","MIA",103,0.08737864,0.203883495,0.428571428,0.252747252,0.330097087,0.351648351,0.681745438,0.098901099,0.314285714,11.401982381857227,-0.7682614550821089,0.3038682474673373,92.40363491637072,26151
2025,"Andrew Vaughn","2 Tms",132,0.106060606,0.136363636,0.777777777,0.313043478,0.389312977,0.469565217,0.858878194,0.156521739,0.347368421,22.171213845201837,6.574396500774727,0.3737430021963047,142.38519677413746,26197
2025,"Jake Mangum","TBR",137,0.03649635,0.124087591,0.294117647,0.279069767,0.308823529,0.341085271,0.6499088,0.062015504,0.3125,13.221488738521847,-2.9661171416790157,0.2863888100666158,80.94410664731107,26202
2025,"Tyler Fitzgerald","SFG",75,0.133333333,0.32,0.416666666,0.222222222,0.337837837,0.317460317,0.655298154,0.095238095,0.342105263,8.081250490988271,-0.7805775456180398,0.3002362315719192,93.64997697423182,26208
2025,"Darell Hernaiz","ATH",57,0.140350877,0.105263157,1.333333333,0.25,0.357142857,0.375,0.732142857,0.125,0.268292682,7.409583803219396,0.6745944953985998,0.32763191738298963,107.41773405733,26224
2025,"Adley Rutschman","BAL",110,0.118181818,0.154545454,0.764705882,0.257731958,0.345454545,0.360824742,0.706279287,0.103092784,0.303797468,13.255608088408342,0.2582603013857524,0.3159468417817896,103.63213635305314,26288
2025,"Gunnar Henderson","BAL",210,0.066666666,0.242857142,0.274509803,0.223958333,0.285714285,0.317708333,0.603422618,0.09375,0.287769784,17.34621608623938,-7.466902416258291,0.26926095684369405,71.47197737193795,26289
2025,"Bryson Stott","PHI",123,0.081300813,0.178861788,0.454545454,0.225225225,0.286885245,0.288288288,0.575173533,0.063063063,0.269662921,9.14349739149435,-5.389900588540001,0.2590828537940979,61.454737196545814,26294
2025,"Josh Jung","TEX",146,0.04109589,0.212328767,0.193548387,0.25,0.280821917,0.407142857,0.687964774,0.157142857,0.288461538,15.374384856781298,-1.8766403878123226,0.2972235626553836,90.69539824074103,26299
2025,"Michael Busch","CHC",95,0.07368421,0.27368421,0.269230769,0.206896551,0.27368421,0.367816091,0.641500301,0.16091954,0.245614035,8.841875672234435,-2.383106507466893,0.2821582141675447,80.66485653660855,26319
2025,"Spencer Steer","CIN",130,0.092307692,0.253846153,0.363636363,0.228813559,0.3,0.432203389,0.732203389,0.20338983,0.265822784,15.82547935754507,0.4649774274274633,0.3174604778106396,98.175682067629,26323
2025,"JJ Bleday","ATH",73,0.06849315,0.246575342,0.277777777,0.323529411,0.369863013,0.5,0.869863013,0.176470589,0.404255319,12.352855651841503,3.727343029544694,0.375943612562467,140.69785287010083,26368
2025,"Josh Smith","TEX",121,0.074380165,0.264462809,0.28125,0.205607476,0.277310924,0.224299065,0.501609989,0.018691589,0.289473684,6.509189057975912,-7.7878935077489375,0.233781336235399,46.99242269496273,26396
2025,"Dominic Canzone","SEA",68,0.117647058,0.220588235,0.533333333,0.275862068,0.367647058,0.344827586,0.712474644,0.068965518,0.348837209,8.529580023529688,0.4948559370066315,0.3220183314645992,112.90163493949674,26438
2025,"Matt Wallner","MIN",97,0.113402061,0.206185567,0.55,0.223529411,0.319587628,0.470588235,0.790175863,0.247058824,0.245901639,13.631997374731094,2.1706997807202626,0.3406178680891843,118.42476154122606,26466
2025,"Luis Matos","SFG",86,0.046511627,0.15116279,0.307692307,0.182926829,0.220930232,0.414634146,0.635564378,0.231707317,0.15625,7.183729077665316,-2.977833737643255,0.2704072788704273,73.21618507170163,26467
2025,"Spencer Horwitz","PIT",51,0.137254901,0.25490196,0.538461538,0.186046511,0.31372549,0.279069767,0.592795257,0.093023256,0.24137931,4.5489389530875,-1.4771041118047918,0.27738241588368134,73.71750494011997,26477
2025,"Noelvi Marte","CIN",104,0.076923076,0.269230769,0.285714285,0.231578947,0.288461538,0.27368421,0.562145748,0.042105263,0.313432835,7.345250609638751,-4.9431509344553355,0.25451339322787064,55.05490474409472,26517
2025,"Angel Martinez","CLE",169,0.076923076,0.201183431,0.382352941,0.278911564,0.34939759,0.44217687,0.79157446,0.163265306,0.327272727,24.259057375623613,4.290404866470724,0.3443235517984413,122.91996518811352,26540
2025,"Agustin Ramirez","MIA",166,0.078313253,0.259036144,0.302325581,0.213333333,0.28313253,0.366666666,0.649799196,0.153333333,0.25490196,15.24832074523194,-4.365858642456696,0.2806617068808253,76.50640829001682,26546
2025,"Luisangel Acuna","NYM",67,0.089552238,0.23880597,0.375,0.224137931,0.307692307,0.275862068,0.583554375,0.051724137,0.309523809,5.491660496154182,-2.4249058832141226,0.26847767921594473,72.80204037137933,26548
2025,"Elly De La Cruz","CIN",210,0.052380952,0.29047619,0.180327868,0.236180904,0.276190476,0.341708542,0.617899018,0.105527638,0.315789473,17.08572801726963,-7.727390485228041,0.2677331678569317,64.11087551423414,26668
2025,"Austin Martin","MIN",57,0.087719298,0.175438596,0.5,0.346153846,0.403508771,0.48076923,0.884278001,0.134615384,0.414634146,10.087866647830598,3.3528773400098015,0.3855049735621402,149.34580866556558,27462
2025,"Dillon Dingler","DET",121,0.074380165,0.223140495,0.333333333,0.330357142,0.380165289,0.580357142,0.960522431,0.25,0.4,23.43008530504393,9.133002739319082,0.40602086385091146,163.9856086161625,27464
2025,"Spencer Torkelson","DET",190,0.147368421,0.221052631,0.666666666,0.264150943,0.368421052,0.51572327,0.884144322,0.251572327,0.29090909,30.76396286015287,8.31399850075021,0.3669504328914311,137.07145088339854,27465
2025,"Tyler Soderstrom","ATH",146,0.05479452,0.260273972,0.210526315,0.270072992,0.315068493,0.423357664,0.738426157,0.153284672,0.340425531,18.216532965841996,0.9655077212483762,0.32120022259346426,102.98718021384138,27467
2025,"Jordan Walker","STL",107,0.074766355,0.29906542,0.25,0.25510204,0.317757009,0.346938775,0.664695784,0.091836735,0.359375,10.887001992072799,-1.7558726734855392,0.2928433407027766,88.34023536816315,27475
2025,"Patrick Bailey","SFG",121,0.057851239,0.297520661,0.194444444,0.21238938,0.256198347,0.309734513,0.56593286,0.097345133,0.298701298,7.94445474158844,-6.352627824136411,0.24839105192294791,58.13436156868701,27478
2025,"Masyn Winn","STL",163,0.067484662,0.190184049,0.354838709,0.255033557,0.312883435,0.348993288,0.661876723,0.093959731,0.307692307,16.67823149384713,-2.5814747723772555,0.29354878839539605,88.82348972487361,27479
2025,"Nick Gonzales","PIT",99,0.07070707,0.181818181,0.388888888,0.241758241,0.303030303,0.384615384,0.687645687,0.142857143,0.28169014,10.758058325435842,-0.9395546828844893,0.3013659811983205,90.14701849443146,27490
2025,"Ha-Seong Kim","2 Tms",60,0.066666666,0.15,0.444444444,0.285714285,0.333333333,0.375,0.708333333,0.089285715,0.326086956,7.08553797432915,-0.003924454955899215,0.31297453741232556,99.0138656996851,27506
2025,"Austin Wells","NYY",137,0.05839416,0.255474452,0.228571428,0.24,0.284671532,0.448,0.732671532,0.208,0.275862068,15.933386419666181,-0.2542194605346823,0.31076958840780883,99.74957128979455,27562
2025,"Casey Schmitt","SFG",120,0.1,0.258333333,0.387096774,0.196261682,0.283333333,0.317757009,0.601090342,0.121495327,0.256756756,9.677729766824237,-4.501195091745862,0.266855156722189,70.78286716356602,27577
2025,"Alec Burleson","STL",127,0.05511811,0.157480314,0.35,0.27118644,0.309523809,0.398305084,0.707828893,0.127118644,0.302083333,14.414810557333672,-0.5912182513196813,0.3073213455222902,98.25813428356736,27615
2025,"Nick Loftin","KCR",68,0.073529411,0.161764705,0.454545454,0.196721311,0.279411764,0.327868852,0.607280616,0.131147541,0.208333333,5.8037436710994506,-2.230980415423605,0.2726457653676762,69.34255152148275,27630
2025,"Anthony Volpe","NYY",172,0.081395348,0.238372093,0.341463414,0.253246753,0.315789473,0.415584415,0.731373888,0.162337662,0.315315315,20.87124151663835,0.5481158860212078,0.3169800900576407,104.02775345718645,27647
2025,"Vinnie Pasquantino","KCR",164,0.048780487,0.237804878,0.205128205,0.211920529,0.25,0.36423841,0.61423841,0.152317881,0.236363636,12.823887534336501,-6.553976439042635,0.2638334828179057,63.272099860067,27676
2025,"Pete Crow-Armstrong","CHC",188,0.026595744,0.292553191,0.09090909,0.188235294,0.217391304,0.376470588,0.593861892,0.188235294,0.219298245,12.567323881440393,-9.646325063652762,0.24985774671253952,58.53799754376785,27769
2025,"Jordan Westburg","BAL",108,0.046296296,0.203703703,0.227272727,0.267326732,0.305555555,0.435643564,0.741199119,0.168316832,0.293333333,13.336451884583386,0.5754195118702974,0.3196173917364191,106.16064085169413,27815
2025,"Thomas Saggese","STL",68,0.014705882,0.294117647,0.05,0.272727272,0.279411764,0.348484848,0.627896612,0.075757576,0.369565217,5.746002184642997,-2.28872190188006,0.2715999045792748,73.78779843260094,27883
2025,"Edgar Quero","CHW",137,0.05109489,0.167883211,0.304347826,0.356589147,0.394160583,0.457364341,0.851524924,0.100775194,0.428571428,22.776123717198278,6.588517836997415,0.37228786118709256,140.7417765636182,28022
2025,"Jasson Dominguez","NYY",104,0.086538461,0.326923076,0.264705882,0.204301075,0.278846153,0.29032258,0.569168733,0.086021505,0.305084745,7.543821061771579,-4.744580482322507,0.2568650618195534,62.61676022326487,28080
2025,"Junior Caminero","TBR",192,0.0625,0.161458333,0.387096774,0.25,0.296875,0.5,0.796875,0.25,0.229629629,26.133274204166877,3.4469944304547178,0.33516741173429637,114.54585986649488,28163
2025,"Javier Sanoja","MIA",133,0.052631578,0.142857142,0.368421052,0.233333333,0.284615384,0.391666666,0.67628205,0.158333333,0.252525252,13.570497321271874,-2.144477730309985,0.29319576162558336,85.0926388865908,28253
2025,"Coby Mayo","BAL",97,0.092783505,0.257731958,0.36,0.252873563,0.329896907,0.436781609,0.766678516,0.183908046,0.310344827,13.158426893562282,1.6971292995514513,0.3346046393679589,116.48479486866891,28312
2025,"Jackson Chourio","MIL",149,0.073825503,0.22147651,0.333333333,0.343065693,0.389261744,0.583941605,0.973203349,0.240875912,0.408163265,29.488625273591108,11.883126907533233,0.41128400250061137,168.0825242017179,28806
2025,"Jackson Merrill","SDP",170,0.052941176,0.2,0.264705882,0.235668789,0.278106508,0.369426751,0.647533259,0.133757962,0.284552845,15.56800995562385,-4.518800260683791,0.2803158231035492,81.34914609405085,29490
2025,"James Wood","WSN",227,0.074889867,0.31277533,0.239436619,0.277511961,0.330396475,0.492822966,0.823219441,0.215311005,0.362204724,33.899025913263436,7.077226389135001,0.3514551723425367,126.36332735177696,29518
2025,"Tim Tawa","ARI",82,0.060975609,0.292682926,0.208333333,0.253333333,0.292682926,0.333333333,0.626016259,0.08,0.346153846,7.1039646695910905,-2.584967317098478,0.2742279012028764,72.45584296832521,29571
2025,"Trey Sweeney","DET",50,0.04,0.3,0.133333333,0.239130434,0.26,0.282608695,0.542608695,0.043478261,0.333333333,2.7729218540313876,-3.1349635037061536,0.2358302044868469,46.74763252324519,29575
2025,"Ben Rice","NYY",119,0.084033613,0.277310924,0.303030303,0.207547169,0.27118644,0.481132075,0.752318515,0.273584906,0.220588235,14.381223169651859,0.32045601823651054,0.31637187529418426,103.6087770682124,29576
2025,"Colton Cowser","BAL",92,0.032608695,0.358695652,0.09090909,0.188235294,0.25,0.388235294,0.638235294,0.2,0.234042553,8.268367925555028,-2.602141132682048,0.2782183302485425,77.64237669359831,29591
2025,"Connor Norby","MIA",101,0.128712871,0.267326732,0.481481481,0.183908045,0.297029702,0.287356321,0.584386023,0.103448276,0.24137931,8.386031924678997,-3.547896497950835,0.26978933162028246,69.05848157990343,29592
2025,"Justyn-Henry Malloy","DET",70,0.185714285,0.214285714,0.866666666,0.25,0.4,0.357142857,0.757142857,0.107142857,0.325,10.231842473497696,1.960802972665139,0.34755602393831525,123.71136836372438,29606
2025,"Henry Davis","PIT",62,0.080645161,0.241935483,0.333333333,0.140350877,0.209677419,0.298245614,0.507923033,0.157894737,0.128205128,2.9189869274434983,-4.406790916151053,0.22551125864828786,38.18409405243423,29617
2025,"Sal Frelick","MIL",174,0.057471264,0.132183908,0.434782608,0.301282051,0.356725146,0.339743589,0.696468735,0.038461538,0.350746268,20.52786746734711,-0.03157357757953332,0.3128316022499263,100.63946379126997,29622
2025,"Caleb Durbin","MIL",133,0.052631578,0.052631578,1,0.258333333,0.325757575,0.391666666,0.717424241,0.133333333,0.247706422,16.190420885816483,0.4754458342346245,0.31745805297837115,103.80873132735825,29646
2025,"Matt McLain","CIN",131,0.122137404,0.305343511,0.4,0.228070175,0.328244274,0.350877192,0.679121466,0.122807017,0.323943661,14.691960478696403,-0.7866991585759536,0.30565849651817145,90.09094532942676,29695
2025,"Colson Montgomery","CHW",83,0.060240963,0.204819277,0.294117647,0.233766233,0.289156626,0.441558441,0.730715067,0.207792208,0.25,9.951175577246653,0.144085883402335,0.31519324808235627,101.41143428032842,29712
2025,"Hunter Goodman","COL",140,0.078571428,0.242857142,0.323529411,0.28125,0.342857142,0.5546875,0.897544642,0.2734375,0.325581395,24.283696023254723,7.74161702158961,0.3811631534780775,133.04124529409555,29715
2025,"Kyle Manzardo","CLE",95,0.07368421,0.263157894,0.28,0.186046511,0.252631578,0.418604651,0.671236229,0.23255814,0.192982456,9.216757834540156,-2.008224345161172,0.287018546932622,83.44469189422561,29794
2025,"Liam Hicks","MIA",66,0.121212121,0.151515151,0.8,0.196078431,0.333333333,0.235294117,0.56862745,0.039215686,0.238095238,5.705528731962416,-2.092879940251138,0.27399842795871554,71.94184793667606,29844
2025,"Jacob Young","WSN",103,0.106796116,0.184466019,0.578947368,0.224719101,0.316831683,0.269662921,0.586494604,0.04494382,0.285714285,8.722782766314326,-3.447461070625009,0.27183044782959587,71.8178303215593,29931
2025,"Brady House","WSN",82,0.024390243,0.31707317,0.076923076,0.215189873,0.231707317,0.265822784,0.497530101,0.050632911,0.314814814,3.3490751553746856,-6.339856831314882,0.2178280259050974,34.824434580157785,29993
2025,"Daylen Lile","WSN",77,0.038961038,0.22077922,0.176470588,0.253521126,0.302631578,0.38028169,0.682913268,0.126760564,0.307692307,8.268742220166107,-0.8294012307497056,0.2997882185797942,90.9698024100606,29995
2025,"Seiya Suzuki","CHC",184,0.152173913,0.233695652,0.65116279,0.236842105,0.347826086,0.486842105,0.834668191,0.25,0.252427184,27.98916808649061,6.248149970016461,0.35487937634108496,130.48119134510324,30116
2025,"Zach Neto","LAA",110,0.063636363,0.318181818,0.2,0.23,0.29090909,0.5,0.79090909,0.27,0.27118644,13.783013605212814,0.7856658181902233,0.32185220774614587,105.07759385523723,31347
2025,"Victor Scott II","STL",131,0.083969465,0.27480916,0.305555555,0.203703703,0.29032258,0.24074074,0.53106332,0.037037037,0.297297297,8.484174591227784,-6.994485046044573,0.24729245132015598,57.13641122005318,31349
2025,"Jakob Marsee","MIA",81,0.074074074,0.222222222,0.333333333,0.324324324,0.37037037,0.554054054,0.924424424,0.22972973,0.388888888,14.759038458192052,5.188264178657237,0.3919469037173707,152.7403470657603,31370
2025,"Brooks Baldwin","CHW",64,0.0625,0.1875,0.333333333,0.20338983,0.253968253,0.305084745,0.559052998,0.101694915,0.239130434,4.177046084480409,-3.385047173423644,0.247910323597136,55.062745570063186,31394
2025,"Jordan Beck","COL",137,0.06569343,0.306569343,0.214285714,0.291338582,0.343065693,0.488188976,0.831254669,0.196850394,0.4,21.17208198591042,4.9844761057095575,0.357867042078589,117.08265978024673,31431
2025,"Drake Baldwin","ATL",95,0.07368421,0.157894736,0.466666666,0.298850574,0.357894736,0.459770114,0.81766485,0.16091954,0.323529411,14.57331258169095,3.348330401989621,0.3564660724840666,129.30494386542836,31539
2025,"Chase Meidroth","CHW",156,0.096153846,0.173076923,0.555555555,0.278571428,0.348387096,0.342857142,0.691244238,0.064285714,0.333333333,18.17211439075119,-0.2604879253899405,0.3109984601697614,98.52180187130391,31580
2025,"Brooks Lee","MIN",178,0.033707865,0.207865168,0.162162162,0.266272189,0.297752808,0.378698224,0.676451032,0.112426035,0.3125,18.459115774402093,-2.572956099143551,0.29525152351079365,87.17358453199327,31595
2025,"Cole Young","SEA",67,0.104477611,0.208955223,0.5,0.220338983,0.313432835,0.322033898,0.635466733,0.101694915,0.288888888,6.487133446292761,-1.429432933075544,0.28677761198869395,88.62562212627093,31680
2025,"Nacho Alvarez Jr.","ATL",55,0.09090909,0.254545454,0.357142857,0.14893617,0.24074074,0.191489361,0.432230101,0.042553191,0.205882352,1.6946812866243959,-4.8039926068869,0.2054743711595182,25.870772550372283,31765
2025,"Jackson Holliday","BAL",179,0.061452513,0.240223463,0.255813953,0.2,0.262569832,0.309090909,0.571660741,0.109090909,0.245762711,12.78178358259432,-8.368445998106077,0.25547311459173705,61.974048834920005,31781
2025,"Otto Kemp","PHI",74,0.094594594,0.351351351,0.269230769,0.23076923,0.324324324,0.461538461,0.785862785,0.230769231,0.314285714,10.435294987504477,1.6916246580529173,0.3412108493817819,117.71505541840283,31792
2025,"Roman Anthony","BOS",98,0.081632653,0.387755102,0.210526315,0.277777777,0.336734693,0.433333333,0.770068026,0.155555556,0.4375,13.42384319749706,1.8443878963314797,0.33623550315292516,111.96776589666703,31812
2025,"Colby Thomas","ATH",69,0.086956521,0.36231884,0.24,0.245901639,0.304347826,0.590163934,0.89451176,0.344262295,0.28125,11.256555203531923,3.1036734098541143,0.36845662801162055,135.54034940275417,31855
2025,"Chandler Simpson","TBR",113,0.044247787,0.079646017,0.555555555,0.29906542,0.330357142,0.29906542,0.629422562,0,0.326530612,10.59315506905646,-2.758665839430383,0.28298634024603025,78.60027252049584,31912
2025,"Nolan Schanuel","LAA",125,0.104,0.112,0.928571428,0.273584905,0.362903225,0.367924528,0.730827753,0.094339623,0.29347826,16.17355956821379,1.4038461738699366,0.326887714766687,108.54636619501095,33189
2025,"Ben Williamson","SEA",94,0.074468085,0.202127659,0.368421052,0.258823529,0.322580645,0.317647058,0.640227703,0.058823529,0.333333333,9.22681272152849,-1.8800117510180896,0.2884215174182769,89.75804705589167,33197
2025,"Jacob Wilson","ATH",117,0.042735042,0.068376068,0.625,0.336363636,0.370689655,0.49090909,0.861598745,0.154545454,0.336734693,19.54192556313703,5.717473826031184,0.3732435477191004,138.83787924558604,33266
2025,"Luke Keaschall","MIN",66,0.045454545,0.227272727,0.2,0.169491525,0.242424242,0.27118644,0.513610682,0.101694915,0.204545454,3.46873993792686,-4.329668734286694,0.23225617589372577,43.778447069741695,33321
2025,"Matt Shaw","CHC",110,0.09090909,0.2,0.454545454,0.25,0.318181818,0.49,0.808181818,0.24,0.263888888,15.960026096989058,2.962678309966467,0.346228243004192,124.5548867880455,33322
2025,"Wyatt Langford","TEX",164,0.182926829,0.25,0.731707317,0.253731343,0.390243902,0.440298507,0.830542409,0.186567164,0.329545454,26.2889096495656,6.911045676186464,0.3649583714871319,137.3553731662015,33333
2025,"Dylan Crews","WSN",79,0.037974683,0.227848101,0.166666666,0.2,0.240506329,0.28,0.520506329,0.08,0.25,4.0798563232992935,-5.254602541926022,0.23113176490687118,43.9379236459078,33541
2025,"Kyle Teel","CHW",52,0.134615384,0.384615384,0.35,0.186046511,0.31372549,0.232558139,0.546283629,0.046511628,0.347826086,3.9878877255357716,-2.156313046511271,0.26198069488300996,64.7552977852999,33549
2025,"Kristian Campbell","BOS",74,0.162162162,0.202702702,0.8,0.206896551,0.364864864,0.310344827,0.675209691,0.103448276,0.255813953,8.86635979117091,0.12268946171934818,0.31509716687975703,97.40635711020455,33644
2025,"Jung Hoo Lee","SFG",166,0.042168674,0.180722891,0.233333333,0.240506329,0.277108433,0.354430379,0.631538812,0.11392405,0.28,14.58578485876454,-5.028394528924095,0.27574588484074697,76.87330185145572,33824
2025,"Jac Caglianone","KCR",67,0.059701492,0.223880597,0.266666666,0.180327868,0.253731343,0.37704918,0.630780523,0.196721312,0.186046511,5.8696390541087835,-2.046927325259522,0.27542611734190986,71.25783194582034,35041
2025,"Cam Smith","HOU",137,0.124087591,0.277372262,0.447368421,0.260869565,0.364963503,0.452173913,0.817137416,0.191304348,0.346666666,20.88362963473144,4.696023754530581,0.3552737684145461,129.85393502504155,35108
2025,"Nick Kurtz","ATH",153,0.078431372,0.352941176,0.222222222,0.197080291,0.261437908,0.423357664,0.684795572,0.226277373,0.233766233,15.496828057472955,-2.5813011372039205,0.2922752639826606,83.06185870223061,35110
